area_name,area_code,area_group,pillar_name,rank_2009,rank_2010,rank_2011,rank_2012,rank_2013,rank_2014,rank_2015,rank_2016,rank_2017,rank_2018,rank_2019,score_2009,score_2010,score_2011,score_2012,score_2013,score_2014,score_2015,score_2016,score_2017,score_2018,score_2019
Alabama,AL,Southeast,Business Environment,38,35,35,36,40,42,44,43,44,42,41,43.3,43.8,43.8,43,42,41.1,40.7,40.4,39.4,40.3,43.1
Alabama,AL,Southeast,Economic Quality,48,49,50,48,48,47,51,49,48,47,43,35.7,31.9,28.6,31.7,30.6,33.4,29.8,34.4,35.3,40.5,44.4
Alabama,AL,Southeast,Education,47,46,46,45,46,47,47,45,44,45,47,30,30.7,30.4,33,32.4,32,32.9,34.1,35.1,36,35.1
Alabama,AL,Southeast,Governance,51,51,51,50,51,50,50,47,51,51,49,26.6,18.8,22.2,27,23,27.7,29,34.2,26.1,26.7,36.5
Alabama,AL,Southeast,Health,46,46,47,47,47,47,47,48,47,47,47,38.9,38.7,38.3,39.1,39.8,39.1,39.1,38.9,40.4,41,37.3
Alabama,AL,Southeast,Living Conditions,43,43,43,44,44,46,44,44,45,44,45,48.5,49.9,47.4,46.1,46.2,45.5,46.1,46.1,48.7,49.6,51.7
Alabama,AL,Southeast,Market Access & Infrastructure,14,14,12,11,12,13,20,19,17,19,19,56,56.6,57,56.8,56.2,55.4,53.8,54.5,55.8,55.2,56.4
Alabama,AL,Southeast,Natural Environment,49,49,46,46,47,47,46,45,46,45,45,29.3,29.5,30.9,30.3,31.8,32.7,34.1,35.1,36.5,36.9,36.9
Alabama,AL,Southeast,Personal Freedom,48,49,47,49,48,49,46,47,47,49,48,37.1,34.5,35.5,35.3,35.6,36.9,38.6,39.5,39.1,39.2,41
Alabama,AL,Southeast,Safety & Security,37,39,38,33,40,41,41,37,41,42,42,53.9,54.2,55.6,58.4,56.8,56.4,56.9,58.2,55.6,54.4,54.3
Alabama,AL,Southeast,Social Capital,34,35,34,34,36,28,34,33,32,32,36,46.6,45.5,45.2,45.9,45.5,48.8,44.6,45,44.6,45.9,40.8
Alaska,AK,West,Business Environment,51,51,51,51,51,51,51,51,51,51,51,21.2,23.1,21.9,26.9,23.1,22.8,29,23.2,24.3,24.2,23.8
Alaska,AK,West,Economic Quality,2,2,3,3,3,3,3,4,12,19,8,64.9,62.5,54,60.2,61.5,60.7,62.2,59.8,53.1,51.8,58.9
Alaska,AK,West,Education,42,42,42,43,43,43,43,43,43,47,46,36.3,36.3,36.6,36.2,35.6,35.8,37.8,36.1,36.3,35.6,35.6
Alaska,AK,West,Governance,26,27,26,28,28,28,26,26,26,28,23,52.7,52.7,52.7,51.5,49,50.7,52.2,51.7,52.4,52,56.9
Alaska,AK,West,Health,29,29,29,30,30,29,26,30,32,34,34,54.3,55.3,54.2,55.2,55.8,56.2,57.5,57.7,56.2,55.4,54
Alaska,AK,West,Living Conditions,32,33,30,31,30,29,27,28,36,34,42,58,57.9,57.9,56.5,56.4,57.2,57.8,57.4,56.1,56.7,57.4
Alaska,AK,West,Market Access & Infrastructure,51,51,51,51,51,51,51,51,51,51,51,31.9,32,32.2,32.5,32.2,31.4,31.3,32.8,33.6,33.2,33.4
Alaska,AK,West,Natural Environment,5,6,6,11,12,14,14,14,14,14,14,60.9,60.9,61.5,58.7,58.9,56.7,59.9,59.8,60.4,60.7,60.7
Alaska,AK,West,Personal Freedom,25,25,26,26,26,27,26,26,26,27,35,55.2,55.2,53.6,55,53.7,53,54.8,56.1,56.8,55.2,52.2
Alaska,AK,West,Safety & Security,32,27,28,31,27,30,40,42,45,47,47,55,58.9,59.7,59.1,61,59.8,57.4,56.6,53,51.1,49.2
Alaska,AK,West,Social Capital,11,11,11,11,10,12,14,14,14,13,13,57.2,57.3,55.7,56.7,57.4,55.6,53.2,52.6,53.5,53.9,53.1
Arizona,AZ,Southwest,Business Environment,37,36,37,35,34,32,30,35,34,36,38,44.1,43.5,43,45.5,46.9,49.3,51.1,48.3,47.5,45.5,44
Arizona,AZ,Southwest,Economic Quality,41,45,46,49,40,35,36,40,39,38,32,40.9,33.2,29.8,30.5,37,38.4,39.7,39.7,42.5,46.2,49.4
Arizona,AZ,Southwest,Education,45,45,47,46,45,45,46,47,45,43,43,30.6,30.7,29.7,32.2,32.9,33.1,33.6,33.8,34.5,37.2,37.2
Arizona,AZ,Southwest,Governance,24,25,25,24,26,25,25,21,16,15,12,53.1,53.3,52.7,53,52.8,53.1,53.7,55.9,60.5,62.4,65.1
Arizona,AZ,Southwest,Health,27,26,26,26,27,30,31,31,28,24,24,55.5,56.5,55.7,56.8,56.9,56.2,54.5,57.2,58.3,59.6,59.1
Arizona,AZ,Southwest,Living Conditions,41,41,41,41,41,41,41,41,43,42,43,50.2,51.1,49.4,49.2,48.6,48.6,48.9,48.5,52,54.1,56
Arizona,AZ,Southwest,Market Access & Infrastructure,31,31,33,29,31,31,28,31,33,32,34,49.2,49.6,48.5,50,49.1,49.5,49.9,49.6,49.7,50,49.3
Arizona,AZ,Southwest,Natural Environment,14,15,15,15,16,15,15,15,17,17,17,55,55.3,55.7,54.2,55.6,56.6,57.7,57.6,58.2,58.4,58.4
Arizona,AZ,Southwest,Personal Freedom,38,36,36,37,33,36,35,35,33,29,28,46.4,46,46.7,45.8,49.5,48.6,50.1,50.8,51,54,54.5
Arizona,AZ,Southwest,Safety & Security,45,42,39,40,42,42,37,35,31,35,40,50.9,53.1,55.5,55.8,55.6,56.3,57.8,58.5,58.8,57.2,56.5
Arizona,AZ,Southwest,Social Capital,50,50,50,49,50,50,47,45,50,50,50,34.8,34.8,34.4,36.2,34.3,34.5,35.9,36.6,34,35.5,31.8
Arkansas,AR,Southeast,Business Environment,50,49,48,50,48,46,48,46,46,47,45,30.2,30.4,30.9,31.5,33.4,37.3,34.7,36.3,38.1,37.7,38.7
Arkansas,AR,Southeast,Economic Quality,50,48,47,50,50,49,49,51,45,45,48,35,32.3,29.8,30.1,30.1,30.9,31.8,30.5,40.8,41.4,39.7
Arkansas,AR,Southeast,Education,44,44,44,44,44,44,44,46,46,44,44,31.5,31.7,32,33.2,33.2,34.3,35.4,34,34.4,36.8,36.8
Arkansas,AR,Southeast,Governance,41,41,41,41,37,38,38,45,44,43,41,38.1,38.8,38.1,37.7,41.3,40.6,39.8,36.2,35.3,36.3,44.1
Arkansas,AR,Southeast,Health,50,50,50,50,49,49,49,49,50,49,50,32.8,33.4,32.2,34.1,34.6,34.1,34.1,36.4,36.1,35.9,33.1
Arkansas,AR,Southeast,Living Conditions,49,50,50,50,50,50,50,50,48,47,48,40.8,40.9,39.1,37.6,35.9,36.2,34.8,37.8,44.4,45.8,47.9
Arkansas,AR,Southeast,Market Access & Infrastructure,41,37,36,33,35,35,32,33,30,33,32,43.2,45.8,47.4,48.4,47.3,48,48.1,48.9,50.3,49.7,50
Arkansas,AR,Southeast,Natural Environment,45,45,44,44,45,45,45,47,45,49,49,30.6,31,32.3,31.6,33.5,34.1,34.8,35.1,37,36.3,36.3
Arkansas,AR,Southeast,Personal Freedom,47,46,49,50,50,50,50,50,51,46,41,37.2,36.4,34.8,33.1,34.4,35.7,35.4,37.1,36.6,42.8,47.1
Arkansas,AR,Southeast,Safety & Security,31,32,37,35,39,39,38,41,43,43,43,55.4,56,55.8,58,57.4,57.4,57.8,56.9,55,53.1,52.2
Arkansas,AR,Southeast,Social Capital,49,49,49,50,49,49,50,48,48,44,46,35.8,36.9,36.1,35.7,36.4,36.9,34.2,36,35.8,37.6,35.7
California,CA,West,Business Environment,17,18,19,22,21,24,20,20,19,22,22,55.4,53.1,54,54.4,54.1,54.6,56.4,56.5,56.3,55.3,56
California,CA,West,Economic Quality,34,37,35,38,36,23,17,17,8,6,6,44.2,37.4,35.7,36.1,38.5,43.8,48.4,48.5,54.6,58,62.4
California,CA,West,Education,43,43,43,42,42,41,41,40,41,38,38,34.2,35,35.3,36.4,37.3,39.1,39.9,39.9,39.4,42,42
California,CA,West,Governance,34,40,36,40,39,41,40,37,35,36,22,43.9,39.5,43.3,38.6,38.4,38.5,39.2,42.6,44.9,45.4,57.4
California,CA,West,Health,7,7,7,7,7,6,7,6,6,5,4,64.7,65.5,65.1,66.1,66.9,66.5,66.7,67.7,68.6,69.3,70.5
California,CA,West,Living Conditions,34,34,34,34,34,37,35,36,38,39,38,57.1,57.2,55.4,52.8,52.2,51.2,51.3,52.6,54.7,54.8,58.6
California,CA,West,Market Access & Infrastructure,42,44,43,44,46,46,46,46,43,43,43,41.9,41.5,42.2,41.8,41.3,40.8,42.2,42,43.3,43.1,43.9
California,CA,West,Natural Environment,11,11,11,8,10,11,11,11,12,12,12,57.7,58.2,58.8,59.4,60.6,60.7,61.3,61.4,62.1,62.2,62.2
California,CA,West,Personal Freedom,19,20,19,19,20,20,21,21,23,20,21,58.4,58.2,59,58.7,58.3,59,59.3,59.9,60.3,60.7,60.8
California,CA,West,Safety & Security,36,33,33,34,32,35,31,33,33,33,33,54.6,55.5,56.9,58.3,59.1,58.3,59.7,60.2,58.1,57.8,58.2
California,CA,West,Social Capital,48,48,48,48,48,48,49,49,46,49,44,37.4,37,36.3,38.2,38.4,38,35.1,35.2,36,36.3,36.5
Colorado,CO,West,Business Environment,4,3,3,3,4,3,4,2,4,5,8,68.6,68.8,70.1,71.6,69,70.6,70.6,72,68.6,67.2,65.5
Colorado,CO,West,Economic Quality,21,17,20,21,17,15,14,13,15,10,17,48.7,46,39.9,42.9,45.5,48.3,49.3,51.4,51.8,54.6,54.1
Colorado,CO,West,Education,14,13,13,11,12,11,9,13,14,12,12,53.5,54.3,54.9,55.9,56.6,57.5,59,56,55.8,58,58.1
Colorado,CO,West,Governance,2,2,2,2,2,2,2,2,1,2,4,73.9,74.1,73.5,73.6,74.6,76.2,76.6,76.7,81,81,72.3
Colorado,CO,West,Health,5,5,5,5,5,5,5,5,5,6,7,66.8,67.2,66,67,67.3,67.6,67.7,68.7,68.8,69,66.9
Colorado,CO,West,Living Conditions,19,18,18,19,19,17,17,17,18,16,12,65.4,66.2,64.6,62.9,61.9,63.8,64.3,64.1,66.4,67.9,72.4
Colorado,CO,West,Market Access & Infrastructure,40,40,40,41,40,42,42,43,44,44,44,43.4,43.7,43,43.4,44,44.4,43.4,43.6,43.3,43,43.1
Colorado,CO,West,Natural Environment,13,13,13,13,13,12,12,12,11,11,11,56.6,56.7,57,56.3,58.4,59.6,61,61,62.4,62.8,62.8
Colorado,CO,West,Personal Freedom,8,10,11,12,10,8,9,9,9,10,15,65.8,64.9,64.3,63.9,64.7,65.4,65.4,65.9,66.4,65.6,64.9
Colorado,CO,West,Safety & Security,24,24,23,24,24,22,25,25,25,26,30,61,61.4,62.1,63.5,63.3,64,64.1,64.5,61.8,60.2,59
Colorado,CO,West,Social Capital,25,27,22,23,26,25,18,19,23,21,15,50.9,49.9,51,51.6,51.2,50.7,50.4,50.8,48.6,49.8,51.9
Connecticut,CT,Northeast,Business Environment,9,12,7,12,5,6,5,10,7,3,4,63.1,58.1,63,59.5,67.8,67.5,69.9,63,66.2,68.4,69.7
Connecticut,CT,Northeast,Economic Quality,11,10,18,33,19,17,16,22,20,37,29,54.3,51.6,40.9,38.8,44.5,46.3,48.5,46.5,50.4,46.3,49.4
Connecticut,CT,Northeast,Education,6,3,4,6,6,6,6,6,6,5,5,59.6,61.9,62.2,61.3,62.2,62.4,62.6,62,62.4,62.7,62.7
Connecticut,CT,Northeast,Governance,3,3,4,4,3,3,3,3,3,1,1,72.9,72.4,72.2,72.4,74.4,73.9,74.5,75.2,78,81.3,78.2
Connecticut,CT,Northeast,Health,3,4,3,3,3,4,4,3,3,3,3,69.6,69,68,69.5,70,69.7,70,71.9,71.2,71.1,70.8
Connecticut,CT,Northeast,Living Conditions,1,1,1,1,1,1,1,3,4,4,5,78.8,78,77.2,77,75.9,76,75.6,73.8,74.7,75.5,77.2
Connecticut,CT,Northeast,Market Access & Infrastructure,7,8,8,7,9,10,5,6,14,8,7,58.9,58.7,58,58.1,57.8,56.5,58.4,57.7,57.3,59.9,60
Connecticut,CT,Northeast,Natural Environment,3,1,1,1,2,2,3,2,2,3,3,62.3,63,64,63.1,64.6,65.2,66.5,66.5,67.5,67.8,67.8
Connecticut,CT,Northeast,Personal Freedom,3,3,2,3,2,3,2,2,2,2,1,73.2,73.4,73.3,73.3,73.5,73.3,73.9,74.4,75,74.2,75.4
Connecticut,CT,Northeast,Safety & Security,16,19,19,16,17,20,9,6,7,6,8,65.3,64.7,66.3,66.9,66.6,65.9,69.8,71.1,69.3,71.1,70.5
Connecticut,CT,Northeast,Social Capital,17,17,14,16,16,16,24,18,17,20,27,53.2,53.2,53.6,53.6,53.7,53.1,48.4,51.2,50.5,50.1,47
Delaware,DE,Southeast,Business Environment,11,7,9,6,7,5,6,6,8,6,6,62.1,62.7,61.9,63.6,67.4,68.1,68.9,67.1,66,65.5,68.1
Delaware,DE,Southeast,Economic Quality,8,8,4,6,5,6,5,5,5,7,7,55.9,52.9,53.3,53.8,54.8,53.1,57,58.7,60.3,57.1,59.2
Delaware,DE,Southeast,Education,17,19,18,24,20,20,17,21,30,26,26,51.9,51.3,51.9,50.1,52.9,51.9,53.9,51.5,49.1,51,51
Delaware,DE,Southeast,Governance,12,10,10,10,8,9,10,8,4,6,18,62.5,66.4,66.6,65.6,68,67.8,65.5,68.9,73.5,74.1,62.5
Delaware,DE,Southeast,Health,23,25,24,25,24,28,30,29,29,29,35,57.1,57.1,56.1,57,57.7,56.5,56.3,57.7,57.5,57.8,53.7
Delaware,DE,Southeast,Living Conditions,13,10,8,7,9,9,14,13,12,6,9,69.8,71.9,71,70.7,69.6,68.3,66.6,68.1,70.1,75.1,74.2
Delaware,DE,Southeast,Market Access & Infrastructure,11,11,5,4,7,5,6,4,3,3,5,57.8,57.6,58.6,58.3,58,58.2,58.4,59.5,61.6,60.8,61
Delaware,DE,Southeast,Natural Environment,30,30,28,27,27,27,27,27,27,28,28,43,43.8,45.8,45.4,47.5,48.6,49.7,49.9,51.1,50.5,50.5
Delaware,DE,Southeast,Personal Freedom,37,39,37,41,40,39,39,39,40,40,36,46.6,44.2,44.6,43.5,43.7,45.4,45.9,46.1,45.8,47.1,52
Delaware,DE,Southeast,Safety & Security,43,48,46,48,46,45,43,43,40,32,25,50.9,48.8,51.1,51.1,52.3,53,55.9,56.4,56.8,58,61.4
Delaware,DE,Southeast,Social Capital,33,33,33,31,30,35,28,34,36,34,24,47.2,47.5,45.2,48.3,49.2,46.7,46.3,44.7,44.3,45.7,47.4
District of Columbia,DC,Southeast,Business Environment,2,2,1,1,2,1,3,3,1,1,1,71.6,71.7,73.9,75.7,72.5,75.2,70.8,71.8,74.8,76.1,76.9
District of Columbia,DC,Southeast,Economic Quality,9,4,5,5,7,7,7,11,13,16,14,55.4,56.3,53.1,54.3,52.4,52.6,53,52.2,52.9,52.2,57
District of Columbia,DC,Southeast,Education,25,26,24,28,27,17,19,15,17,17,15,48.4,48.7,49.7,48.9,49.2,53.4,53.2,55.2,53.8,54.8,56
District of Columbia,DC,Southeast,Governance,20,18,19,20,19,19,15,16,17,17,9,56.3,56.6,56.7,56.3,57.7,58.2,60.1,60.5,60.2,60.3,67.1
District of Columbia,DC,Southeast,Health,31,32,30,28,28,24,22,24,20,21,14,52.5,52.9,53.3,55.7,56.5,57.1,59.7,59.7,63.3,62.6,63.4
District of Columbia,DC,Southeast,Living Conditions,17,20,20,20,21,20,18,18,19,27,29,65.5,64.2,63.1,62.5,60.5,60.8,63.1,64,64.7,59.8,62.6
District of Columbia,DC,Southeast,Market Access & Infrastructure,19,24,23,21,21,9,9,10,5,6,2,55,52.3,52.8,52.6,53.3,56.6,57,57.3,59.8,60.1,64.6
District of Columbia,DC,Southeast,Natural Environment,24,23,23,22,22,22,22,22,22,22,22,47.6,48.6,49.7,49.5,51.5,52.7,53.5,53.6,55.3,55.6,55.6
District of Columbia,DC,Southeast,Personal Freedom,6,6,6,6,6,4,5,6,4,4,3,69.4,69.4,68.6,68.6,68.6,70.5,69.6,69.6,71.9,71.8,73.2
District of Columbia,DC,Southeast,Safety & Security,51,51,51,51,51,51,51,51,51,51,50,30.1,31.4,33.5,32.9,34.3,33.8,33,33.8,33.6,36.9,43.1
District of Columbia,DC,Southeast,Social Capital,26,26,30,24,28,29,26,28,28,33,26,50.5,50.3,47.6,51,49.9,48.6,46.4,46.8,45.8,45.9,47.2
Florida,FL,Southeast,Business Environment,31,30,33,32,31,31,28,31,32,32,32,47.3,47.2,47.4,48.2,49.3,50.2,52,49.6,48.4,47.6,48
Florida,FL,Southeast,Economic Quality,26,25,17,20,21,21,20,19,22,21,19,46.9,43,41.5,43.3,43.1,44.4,47,48,49,51.2,54
Florida,FL,Southeast,Education,34,33,33,35,35,34,33,34,34,32,32,41.1,41.8,42.6,42.3,42.9,44.5,44.8,43.9,44.1,48.1,48.1
Florida,FL,Southeast,Governance,43,43,43,44,42,39,45,40,39,38,38,36.3,36.9,36.1,35.9,35,40.3,35.4,39.6,40.3,42.5,46.3
Florida,FL,Southeast,Health,37,36,36,36,36,37,37,33,36,31,31,49.8,51,50,51.3,51.5,51.4,52,54.8,54.3,55.7,55.1
Florida,FL,Southeast,Living Conditions,29,32,35,33,33,33,32,32,29,26,28,58.8,58,55,52.9,52.7,54.1,54.8,56.5,58.8,59.8,62.8
Florida,FL,Southeast,Market Access & Infrastructure,6,3,2,3,4,3,2,3,4,4,3,59.3,59.5,59.8,58.5,59.6,60.2,60.6,60.2,60.3,60.4,63.5
Florida,FL,Southeast,Natural Environment,17,17,17,17,17,18,18,17,16,16,16,52.4,52.8,53.6,52.9,54.7,55.4,56.4,57.1,58.5,58.6,58.6
Florida,FL,Southeast,Personal Freedom,20,21,20,21,21,21,19,20,21,23,20,58,57.6,58.3,58.5,58.3,58.9,59.4,60,60.7,60.3,61.4
Florida,FL,Southeast,Safety & Security,46,44,44,42,43,40,39,45,37,40,36,50.8,51.4,53.7,55.5,55.5,56.5,57.7,55,57.1,56.1,56.9
Florida,FL,Southeast,Social Capital,47,47,47,47,46,47,45,50,47,48,48,37.9,38.5,38.6,38.6,40,39.1,36.6,34.8,35.9,36.4,34.2
Georgia,GA,Southeast,Business Environment,24,20,18,20,22,21,22,24,26,23,26,53,52.9,54.1,54.8,53.6,55.2,54.7,56,52,53.8,53.4
Georgia,GA,Southeast,Economic Quality,24,21,23,23,35,39,37,39,32,18,16,47.4,44.1,39.2,41.7,38.9,37.9,39.6,41.2,45.6,52,54.9
Georgia,GA,Southeast,Education,40,38,38,37,37,36,36,39,38,36,36,38.1,38.7,38.6,40.1,40.8,41.6,42,40.3,40.7,43.6,43.6
Georgia,GA,Southeast,Governance,44,44,45,43,46,46,47,49,45,50,43,36.2,36.9,35,36.1,32.7,33.8,34.7,31.1,34.9,29.8,40.9
Georgia,GA,Southeast,Health,38,37,37,39,37,35,38,39,39,38,38,49.6,50.3,49.6,50,51.4,51.9,51.9,51.4,52,52,51.8
Georgia,GA,Southeast,Living Conditions,37,36,36,35,36,36,34,34,34,36,37,55.7,55.8,53.7,52.3,51.3,51.4,52,53.4,56.7,56.3,58.9
Georgia,GA,Southeast,Market Access & Infrastructure,3,2,6,2,6,8,14,14,13,13,8,60.3,60.6,58.5,60,58.3,56.8,55.8,56.3,57.5,57.7,59.7
Georgia,GA,Southeast,Natural Environment,34,34,33,33,31,31,31,30,31,31,31,41.8,42.3,43,42.8,45.1,46.1,47.5,48,49.1,49.3,49.3
Georgia,GA,Southeast,Personal Freedom,45,44,44,44,45,44,45,45,45,45,47,39.6,39.7,40.1,40,37.5,39.2,39.8,42.2,41.8,43.7,43.2
Georgia,GA,Southeast,Safety & Security,33,36,32,37,34,36,35,39,38,38,31,54.9,55,57,57.7,58.2,58.2,58.5,57.9,57,56.7,58.6
Georgia,GA,Southeast,Social Capital,42,44,45,44,41,45,43,47,44,45,45,41.4,40.2,40.4,40.4,41.7,40.3,39.6,36.2,38,37.3,36.5
Hawaii,HI,West,Business Environment,41,43,39,38,41,43,42,42,43,46,46,40.3,39.9,42,41.7,41.7,40.8,41.5,40.6,39.9,38.5,37.4
Hawaii,HI,West,Economic Quality,27,44,44,41,38,33,25,24,23,22,36,46.8,34.3,30.6,35,37.9,39.3,45.1,45.3,48.9,51.1,48.9
Hawaii,HI,West,Education,36,36,35,36,34,33,34,33,35,34,34,39,40,41.2,42,43.1,44.6,44.6,44.6,44,47.8,47.8
Hawaii,HI,West,Governance,8,8,9,8,10,10,9,18,10,14,7,68,68.3,67.8,68,65.8,65.8,66,59,66.3,62.6,69.1
Hawaii,HI,West,Health,1,1,1,1,1,1,1,1,1,1,1,76.4,76.4,75.5,76,75.9,76.1,76.7,77.1,76.7,78.2,76.1
Hawaii,HI,West,Living Conditions,24,26,26,24,28,27,21,22,20,19,20,61.8,61.7,60.3,59.1,57.4,57.8,59.1,60.3,63.7,65.8,66.3
Hawaii,HI,West,Market Access & Infrastructure,45,45,47,46,44,45,45,44,45,45,45,41.3,41.4,40.1,40.6,42.1,42.1,42.5,43.4,42.8,42.5,41.9
Hawaii,HI,West,Natural Environment,6,5,5,5,7,8,8,7,9,9,9,60.7,61.5,61.9,61.4,61.9,62,62.7,63.2,64,63.9,63.9
Hawaii,HI,West,Personal Freedom,2,2,3,2,3,2,3,3,3,3,4,73.4,73.4,72.7,73.5,73.5,73.5,73.6,73.6,72.7,73.5,72.8
Hawaii,HI,West,Safety & Security,12,12,16,12,11,6,14,10,9,13,11,65.9,66.5,66.9,67.9,69.5,71.1,68.8,70.3,69,67.1,68.5
Hawaii,HI,West,Social Capital,30,29,31,30,27,26,33,24,27,29,20,49,49.8,47.5,48.9,50,49.5,44.8,48.8,47,46.7,49.4
Idaho,ID,West,Business Environment,26,24,28,26,29,26,29,27,28,27,27,51.8,51.9,49.8,51.5,51.5,53.6,51.3,52.7,51.3,52.5,53.1
Idaho,ID,West,Economic Quality,14,24,31,31,23,27,26,20,17,23,18,52.9,43.2,36.6,38.9,42.1,42.4,45.1,47.6,51.2,50.9,54.1
Idaho,ID,West,Education,33,35,34,34,36,38,37,36,36,35,35,41.8,41.4,42.5,43.5,42.4,41.2,41.9,41.4,43.8,44.6,44.6
Idaho,ID,West,Governance,30,30,29,29,31,31,28,31,31,33,32,48.4,48.4,48.5,48.6,46.2,46.5,48.9,46.2,47.4,48.5,51.4
Idaho,ID,West,Health,28,28,28,29,29,27,24,28,25,25,26,54.7,55.5,54.5,55.3,56.2,56.5,58.3,57.9,60.1,59.3,57.9
Idaho,ID,West,Living Conditions,36,37,37,39,39,34,39,40,35,38,36,56.1,55.7,53.4,51.9,50.8,51.6,50.3,50.1,56.4,55,59
Idaho,ID,West,Market Access & Infrastructure,47,47,48,50,50,50,50,49,48,48,49,39.7,39.6,38.9,37.6,38,34.6,35.5,37.7,37.1,36.9,37.3
Idaho,ID,West,Natural Environment,22,22,22,23,24,24,24,25,25,25,25,48.9,49.4,50.4,49.3,50,50.4,51.4,51,52.3,52.4,52.4
Idaho,ID,West,Personal Freedom,31,32,30,33,38,38,32,33,32,37,39,50.4,51.2,50,47.7,46.2,46.6,51.5,51.1,52,50.3,50.2
Idaho,ID,West,Safety & Security,7,5,4,6,3,5,3,5,5,5,4,68.2,72.1,72.4,74.1,73.5,73.2,73.8,73.9,73.1,71.5,73.7
Idaho,ID,West,Social Capital,4,4,5,5,4,4,5,6,7,7,12,62.8,63.4,60.2,63,64,65,62.3,60,59.8,59.2,53.3
Illinois,IL,Midwest,Business Environment,14,17,14,13,14,12,12,14,12,12,13,57.6,53.6,56.9,59.4,58.3,59.2,61.2,60.2,61.5,61.2,61.1
Illinois,IL,Midwest,Economic Quality,47,42,41,47,51,48,43,38,44,43,49,37.5,34.5,31.2,31.8,29.3,32.8,36.8,41.7,41.4,43.8,39.1
Illinois,IL,Midwest,Education,22,23,23,22,21,24,24,20,20,22,24,49.6,50.2,50.7,50.6,51.6,51.3,51.7,51.7,52.5,52.9,52.9
Illinois,IL,Midwest,Governance,48,48,47,47,45,48,46,42,42,40,20,31.8,32.8,31.6,32.5,32.8,32.7,34.9,38.4,38.1,39.6,60.5
Illinois,IL,Midwest,Health,21,20,19,19,19,19,19,19,18,16,19,58.8,59.4,59,60.1,60.6,61.5,62,62.9,64.7,64.4,62.4
Illinois,IL,Midwest,Living Conditions,14,14,14,13,15,12,12,14,16,15,15,69.6,69.7,68.4,67.5,66.3,67.1,67.4,67.7,68.1,68.1,71.5
Illinois,IL,Midwest,Market Access & Infrastructure,20,20,21,19,18,15,11,11,9,10,10,54.9,53.9,53.1,53.1,54.2,55.1,56.8,57.2,58.3,58.3,58.9
Illinois,IL,Midwest,Natural Environment,38,37,37,36,37,38,38,38,39,39,39,37.9,38.5,39.4,39,40.8,41.6,42.1,42.3,43.9,44.4,44.4
Illinois,IL,Midwest,Personal Freedom,15,12,13,14,13,14,14,14,14,15,16,63.7,63.6,63.3,63.2,63.2,63.5,63.8,64,64.4,64.8,64.8
Illinois,IL,Midwest,Safety & Security,30,34,34,32,33,34,33,28,29,34,35,55.4,55.4,56.5,58.4,58.3,58.4,59.7,61.9,59.8,57.4,57.5
Illinois,IL,Midwest,Social Capital,29,28,28,29,21,23,29,32,26,28,35,49.3,49.9,48.5,49.3,51.7,51,46.1,45.9,47.2,47,43.7
Indiana,IN,Midwest,Business Environment,27,22,27,29,32,33,32,30,33,31,25,51.4,52.2,50.7,50.4,48.9,48.4,49.7,49.8,48.3,48.8,53.7
Indiana,IN,Midwest,Economic Quality,36,29,28,27,25,31,30,23,30,25,31,43.2,40.8,37.8,40.4,41.9,40.3,41.6,45.7,46.6,48.6,49.4
Indiana,IN,Midwest,Education,27,28,28,29,28,27,27,24,23,18,19,48,48.2,48.2,48.5,48.9,50.5,50.8,50.9,51.8,54.8,54.8
Indiana,IN,Midwest,Governance,47,46,46,45,43,43,42,43,41,41,33,33.1,33.7,33.2,33.4,34.9,35.6,36,37.3,38.8,39.1,49.4
Indiana,IN,Midwest,Health,42,41,42,42,42,43,42,42,41,41,43,45.6,46.3,45.2,45.9,45.9,45.6,47.4,47.7,49.1,49.9,46.9
Indiana,IN,Midwest,Living Conditions,21,21,21,21,23,24,25,26,28,32,31,63.2,62.7,61.4,61.1,59.5,58.9,58.8,58.7,59.1,58.7,61.7
Indiana,IN,Midwest,Market Access & Infrastructure,16,17,16,16,16,16,13,16,12,14,12,55.4,55.6,54.9,54.3,54.7,54.8,56.1,55.6,57.5,57.3,58.7
Indiana,IN,Midwest,Natural Environment,50,50,50,50,49,50,50,50,50,51,51,28.5,28.7,29.9,29.1,31.3,32,33,33.3,35.3,35.8,35.8
Indiana,IN,Midwest,Personal Freedom,36,35,35,35,30,30,34,32,30,28,29,47.1,47.4,47.8,46.7,50.4,51,50.1,51.6,52.3,54,53.6
Indiana,IN,Midwest,Safety & Security,27,28,27,27,30,29,30,30,30,31,29,58.3,58.9,59.8,60.8,59.9,60.3,60.2,60.8,59.6,58.5,59.2
Indiana,IN,Midwest,Social Capital,15,13,15,15,15,19,12,15,20,17,17,54.4,55.2,53.5,53.9,54.1,52.6,53.7,52.5,49.8,50.8,51.4
Iowa,IA,Midwest,Business Environment,39,38,38,41,39,40,40,41,42,41,40,42.8,42,42.9,41.2,42.7,43.4,43.3,42,41,42,43.2
Iowa,IA,Midwest,Economic Quality,13,12,11,9,8,9,12,12,14,13,13,53.7,50,47.2,49.6,50.7,50.9,50.3,51.6,52.5,54.3,57
Iowa,IA,Midwest,Education,8,9,9,10,10,8,10,9,10,10,10,57.7,56.9,57.1,57.4,58,59.5,58.9,58.2,58.2,59,59
Iowa,IA,Midwest,Governance,10,11,11,11,13,13,12,12,12,12,11,63.7,64,63.5,63.2,62.5,62.5,63,63.3,63.2,63,66
Iowa,IA,Midwest,Health,6,6,6,6,6,7,11,9,7,9,11,66.2,66.4,65.2,66.7,67.2,66.5,65.2,65.9,67.7,67.8,64.9
Iowa,IA,Midwest,Living Conditions,16,16,16,16,14,13,13,12,10,13,17,67.4,66.9,67,66.7,66.8,67,67.3,68.1,70.6,68.6,70.7
Iowa,IA,Midwest,Market Access & Infrastructure,35,35,39,38,38,36,37,36,34,34,33,46.6,47.1,46.9,46.6,46.4,46,46.5,45.9,48,48.7,49.5
Iowa,IA,Midwest,Natural Environment,42,42,42,42,42,42,42,42,42,42,42,34,34.3,34.9,34.7,36.4,37,38.1,38.3,40.1,40.5,40.5
Iowa,IA,Midwest,Personal Freedom,12,14,18,11,11,10,11,10,10,11,12,64.7,63.4,60.2,63.9,64.5,64.8,64.8,65.8,65.1,65.6,65.2
Iowa,IA,Midwest,Safety & Security,6,8,7,7,6,7,6,7,8,12,17,69.4,68.2,71.1,71.9,71.7,71.1,72.4,70.9,69.2,67.7,66.2
Iowa,IA,Midwest,Social Capital,5,5,4,4,5,5,6,4,4,5,10,62.7,62.5,62,63.4,63.9,63.3,61.4,60.5,61.7,60.3,54.5
Kansas,KS,Midwest,Business Environment,21,27,22,17,26,22,26,25,27,24,19,54.3,49.6,52.3,55.9,52.7,55.1,53.3,54.8,51.6,53.6,57.7
Kansas,KS,Midwest,Economic Quality,15,22,29,15,12,10,19,27,40,30,25,52.4,43.8,37.4,45.4,48.5,50.8,47.9,45.1,42.5,47.6,52.1
Kansas,KS,Midwest,Education,13,14,15,15,16,18,20,25,26,24,25,54.3,53.6,53.5,53.6,53.8,53.3,52.3,50.8,51.2,52.7,52.7
Kansas,KS,Midwest,Governance,37,36,37,35,33,35,36,35,33,26,44,41.8,42.3,41.8,42.2,43.9,43.4,43,44.6,46.9,53.9,40.5
Kansas,KS,Midwest,Health,26,27,27,27,26,26,27,25,26,26,27,55.6,56.1,55.1,55.8,56.9,56.8,57.4,58.9,59.2,59.3,57.3
Kansas,KS,Midwest,Living Conditions,26,25,25,22,22,22,26,29,25,23,26,61.2,62,60.5,60.2,59.6,59.3,58,57,60.4,61.4,63.8
Kansas,KS,Midwest,Market Access & Infrastructure,8,5,4,10,11,11,15,8,8,7,11,58.7,59.2,58.7,57.2,56.9,56.4,55.8,57.4,58.9,59.9,58.9
Kansas,KS,Midwest,Natural Environment,40,40,40,40,40,40,40,40,40,40,40,36.2,36.4,36.7,36.3,37.9,38.8,40,40.4,42.1,42.3,42.3
Kansas,KS,Midwest,Personal Freedom,24,26,25,25,23,24,24,25,22,21,19,55.3,54.8,55.5,55.7,56.6,56.7,56.4,57.1,60.5,60.5,61.6
Kansas,KS,Midwest,Safety & Security,34,31,36,36,38,33,32,31,39,29,41,54.8,56,56,57.9,57.6,58.7,59.7,60.6,56.9,58.9,56.2
Kansas,KS,Midwest,Social Capital,14,14,13,14,13,13,11,10,10,12,14,54.7,54.1,53.7,54.1,54.9,54.6,54.8,55.8,55.7,54.5,52.2
Kentucky,KY,Southeast,Business Environment,42,37,36,42,43,45,43,44,45,44,43,39.8,42.1,43.3,41.1,39.8,39.3,41,39.6,39.2,40,40.9
Kentucky,KY,Southeast,Economic Quality,51,51,51,51,49,51,48,50,50,51,51,32.7,27,26.1,29,30.2,29.8,31.8,32.7,34.6,35.7,35.3
Kentucky,KY,Southeast,Education,35,34,36,33,33,35,35,35,33,39,39,39.5,41.6,41.1,43.6,43.7,43.6,43.1,43.1,44.5,41.9,41.9
Kentucky,KY,Southeast,Governance,49,49,48,48,47,49,48,46,46,49,35,30.3,30.9,30.9,31.2,31.6,31.5,31.2,34.8,34.4,30.8,48.1
Kentucky,KY,Southeast,Health,48,48,48,48,48,48,48,47,48,48,48,36.8,37.5,36.3,36.8,37.9,36.4,37.6,39.7,40,37.9,36.6
Kentucky,KY,Southeast,Living Conditions,42,42,42,42,45,42,45,46,46,46,44,49.7,50.5,49,47.5,46.2,47.8,46.1,45.4,48.3,47,51.8
Kentucky,KY,Southeast,Market Access & Infrastructure,36,28,28,32,25,29,26,26,26,26,26,46.6,50.2,49.8,48.6,50.9,50,51,51,51.4,51.8,52.4
Kentucky,KY,Southeast,Natural Environment,46,47,49,49,50,46,49,49,49,46,46,30.1,29.7,30,29.2,31.1,33,33.6,33.9,35.8,36.6,36.6
Kentucky,KY,Southeast,Personal Freedom,41,40,40,43,42,40,43,43,39,38,32,43.6,44.2,44,42.8,43.1,44.6,43.6,43.4,48.3,49.4,52.6
Kentucky,KY,Southeast,Safety & Security,23,23,22,22,22,21,18,17,20,21,22,61.7,61.4,63.2,63.8,64.1,64.3,66.5,67.5,65,64.1,63.7
Kentucky,KY,Southeast,Social Capital,37,38,37,37,38,39,42,40,40,40,40,44.8,44.4,44.5,44.3,43.2,43.4,40.1,40.8,40.2,41.1,37.8
Louisiana,LA,Southeast,Business Environment,48,47,47,47,50,50,50,50,50,49,50,32.6,32.8,32.6,32.8,31.1,31.9,31.2,31.9,31.1,31.9,30.8
Louisiana,LA,Southeast,Economic Quality,6,7,8,8,15,13,15,21,42,32,38,58.6,53.1,50.1,49.6,47,49,49,47.5,42.1,47.4,47.6
Louisiana,LA,Southeast,Education,48,48,48,49,48,49,48,48,48,49,49,27.3,27.1,27,29.1,29.6,30,31.3,32.1,32.9,31.9,31.9
Louisiana,LA,Southeast,Governance,35,34,35,39,40,40,43,44,50,47,50,43.7,44,43.8,39.1,38.1,39,35.8,37,31.3,32.6,33.4
Louisiana,LA,Southeast,Health,47,47,46,46,45,46,45,45,46,45,45,37.2,38.5,38.4,39.7,40.8,40.8,40.7,42.4,42.5,42.7,41.8
Louisiana,LA,Southeast,Living Conditions,48,48,47,47,48,47,47,48,49,49,49,44.4,43.7,45,44.3,42.5,43.1,42.7,41.3,43,41.9,41.8
Louisiana,LA,Southeast,Market Access & Infrastructure,25,32,26,27,29,32,33,34,35,35,36,52.4,49.3,50.9,50.3,50.3,49.3,47.9,48,47.3,47.4,47.3
Louisiana,LA,Southeast,Natural Environment,47,46,47,47,46,48,48,46,47,47,47,29.6,30,30.7,30.1,31.8,32.7,34,35.1,36.3,36.6,36.6
Louisiana,LA,Southeast,Personal Freedom,40,38,41,39,35,32,36,34,35,35,33,44.1,44.3,43.5,44.2,47.9,49.5,49.8,51.1,50.4,50.9,52.6
Louisiana,LA,Southeast,Safety & Security,50,49,49,50,50,48,49,49,49,48,48,45.5,47.9,48.5,50.6,50.6,52.3,51.7,52.8,50.3,48.9,47.6
Louisiana,LA,Southeast,Social Capital,44,45,41,43,42,44,44,39,49,47,47,40.4,39.6,40.9,40.8,41.3,40.8,38.7,40.8,35.6,36.5,34.7
Maine,ME,Northeast,Business Environment,23,15,20,19,17,20,19,13,16,15,20,53.3,55.2,53.9,55.1,56.2,55.6,56.8,60.3,58.4,58,56.6
Maine,ME,Northeast,Economic Quality,38,36,42,45,45,46,41,45,41,44,42,42.4,37.8,30.9,32.9,35.1,34.5,38.3,37.3,42.4,42.7,45.7
Maine,ME,Northeast,Education,16,16,17,16,18,15,14,17,16,15,16,52.9,52.6,52.6,53.2,53.2,54.8,55.3,52.6,55,55.3,55.3
Maine,ME,Northeast,Governance,14,14,14,14,12,12,14,17,13,10,10,61.2,60.8,60.7,60.3,62.6,62.6,61.8,59.4,61.8,65.5,66.6
Maine,ME,Northeast,Health,19,21,22,22,21,21,21,23,23,27,25,59.3,59.2,58.2,58.4,59.8,59.2,60.5,60.4,61.1,59.1,58.1
Maine,ME,Northeast,Living Conditions,25,27,24,25,24,23,24,25,23,24,23,61.2,61,60.9,58.7,59.2,59.1,58.8,58.7,61.5,61.3,64.6
Maine,ME,Northeast,Market Access & Infrastructure,48,48,46,47,47,48,47,50,50,50,50,38.2,39.2,40.9,40.1,39.5,39.7,40,35.6,35.1,35.5,35.1
Maine,ME,Northeast,Natural Environment,10,10,10,12,11,9,9,9,7,8,8,58.1,58.5,59.3,58.1,60.6,61.6,62.4,62.4,64.4,64.1,64.1
Maine,ME,Northeast,Personal Freedom,9,8,9,9,16,12,10,12,15,17,11,65.6,65.6,64.9,64.1,61.8,64.2,65,65,64.3,63.5,65.2
Maine,ME,Northeast,Safety & Security,2,2,3,3,2,2,2,2,2,1,1,76,74.9,75.9,76,75,75.5,75.4,76.9,76.2,77.4,77.9
Maine,ME,Northeast,Social Capital,22,21,20,18,19,17,17,13,12,14,9,51.4,51.8,51.2,52.6,52.6,52.9,51.1,53.1,53.9,53.3,56.2
Maryland,MD,Southeast,Business Environment,20,21,21,21,16,17,17,18,25,20,17,54.9,52.7,53.7,54.7,56.4,57.6,57.8,57.5,53.4,56.2,59.3
Maryland,MD,Southeast,Economic Quality,28,28,24,22,22,28,28,25,24,27,27,46.2,40.9,39.1,42.1,42.7,42.3,43.8,45.3,48.1,48.3,50.8
Maryland,MD,Southeast,Education,10,8,8,7,7,7,7,8,9,8,8,56.3,57.5,58,59.2,58.9,59.9,60.9,58.4,58.2,60.2,60.2
Maryland,MD,Southeast,Governance,15,19,13,13,15,27,19,11,14,23,5,60.8,56.5,61,60.6,60.3,51.5,58.3,63.5,61.8,57.2,71
Maryland,MD,Southeast,Health,20,19,20,20,18,20,15,16,19,20,21,59.2,59.6,58.7,60,61.6,61.3,63,63.6,64.1,62.8,61.6
Maryland,MD,Southeast,Living Conditions,4,3,6,6,6,4,5,4,2,5,3,75.6,75.7,73.7,72.1,71.3,71.6,72.1,73.6,76.6,75.3,78.4
Maryland,MD,Southeast,Market Access & Infrastructure,2,6,7,9,2,2,3,2,2,2,4,60.4,59.1,58.4,57.4,61.4,60.9,60.6,61.5,62,62.9,63.1
Maryland,MD,Southeast,Natural Environment,19,19,18,18,18,17,17,18,18,18,18,52.1,51.8,53.2,52.9,54.6,55.6,56.6,56.8,58.1,58.3,58.3
Maryland,MD,Southeast,Personal Freedom,16,16,16,17,17,17,16,16,18,19,14,62.5,61.5,61.6,60.9,60.8,61.2,61.5,61.6,62.1,62.6,65
Maryland,MD,Southeast,Safety & Security,38,37,35,38,35,32,34,32,35,30,34,53.6,54.4,56.1,56.8,57.9,58.7,59.6,60.3,57.4,58.6,57.6
Maryland,MD,Southeast,Social Capital,13,15,16,13,17,14,19,16,16,18,32,54.8,53.5,53.1,54.8,53.7,53.4,50.2,52.2,50.8,50.8,45.3
Massachusetts,MA,Northeast,Business Environment,1,1,2,2,1,2,1,1,2,2,2,73.4,73.1,72.3,73,73.3,74.6,73.9,74.6,73.7,73.2,73.8
Massachusetts,MA,Northeast,Economic Quality,20,19,16,19,13,14,21,16,11,12,12,49.3,44.9,41.8,43.5,48.5,48.9,46.8,48.7,53.5,54.4,57.1
Massachusetts,MA,Northeast,Education,1,1,1,1,1,1,1,1,1,1,1,70.8,70.7,71.2,72.4,72.6,72.4,73.1,72.6,73.8,74.3,74.2
Massachusetts,MA,Northeast,Governance,6,5,6,6,6,6,5,10,20,9,3,69.7,70.2,69.7,69.4,70,70.1,71.9,63.5,58.6,67.9,73
Massachusetts,MA,Northeast,Health,4,3,4,4,4,3,3,4,4,4,5,69.2,69.7,67.8,69.5,69.9,70.2,70.7,70.7,70.8,69.9,69.1
Massachusetts,MA,Northeast,Living Conditions,3,4,3,4,4,5,4,5,5,3,4,75.6,75.4,74.6,72.8,72,71.5,72.3,72.9,74,76.1,77.5
Massachusetts,MA,Northeast,Market Access & Infrastructure,9,9,10,8,8,6,7,7,10,12,14,58.6,58.6,57.6,57.8,57.9,57.9,58.4,57.6,57.8,58,57.8
Massachusetts,MA,Northeast,Natural Environment,2,2,2,2,1,1,1,1,1,2,2,62.3,62.9,64,63,64.8,65.8,66.8,66.6,68.1,68.1,68.1
Massachusetts,MA,Northeast,Personal Freedom,1,1,1,1,1,1,1,1,1,1,2,74.5,73.9,73.6,74.5,74.5,75.3,74.8,74.7,75.9,75.5,74.8
Massachusetts,MA,Northeast,Safety & Security,17,18,20,21,19,12,21,20,16,15,15,64.9,64.9,65.6,64.5,66.2,68.4,65.4,66.2,66.3,66.8,66.9
Massachusetts,MA,Northeast,Social Capital,18,16,17,19,14,15,16,17,15,15,18,52.9,53.4,52.7,52.3,54.3,53.3,51.2,51.8,52.5,51.9,51.3
Michigan,MI,Midwest,Business Environment,19,19,24,25,20,23,24,19,22,26,28,55,53,51.1,52.7,54.5,55.1,54,56.8,54.3,52.9,52.2
Michigan,MI,Midwest,Economic Quality,46,43,48,42,44,42,42,42,38,41,39,38.4,34.4,29.5,34.2,36,36.8,37.8,39,43,44.7,47.2
Michigan,MI,Midwest,Education,23,24,25,21,24,25,23,26,25,20,21,49.2,49.3,49.4,50.8,51,50.9,51.9,50.4,51.5,54.4,54.4
Michigan,MI,Midwest,Governance,18,17,18,18,17,16,17,22,24,21,14,58.3,59.5,58.7,58.3,58.1,58.6,59,55.9,53.5,57.3,64
Michigan,MI,Midwest,Health,33,34,34,35,35,34,36,37,33,36,36,51.3,51.7,50.9,51.4,51.7,52,52.3,53.2,55.6,54.1,53.2
Michigan,MI,Midwest,Living Conditions,20,17,19,18,18,18,19,19,21,21,21,64.8,66.4,64.1,63.2,62.3,63,62.4,62.5,63.7,63.4,65.7
Michigan,MI,Midwest,Market Access & Infrastructure,39,41,42,40,42,39,39,38,39,39,38,43.8,43.5,42.2,43.4,42.9,45.2,45,44.9,45.3,45.9,46.4
Michigan,MI,Midwest,Natural Environment,29,29,29,30,29,29,29,29,30,30,30,44,44.6,45.5,44.6,46.4,47.5,48.1,48.1,49.6,49.9,49.9
Michigan,MI,Midwest,Personal Freedom,23,22,23,24,19,18,17,17,20,22,22,56.9,57.2,56.9,55.9,59.9,60.3,61,61.3,61.2,60.5,60.5
Michigan,MI,Midwest,Safety & Security,41,40,43,44,44,44,44,36,34,36,32,52.4,53.8,53.8,54.2,55.1,54.4,55.6,58.2,57.7,57.1,58.3
Michigan,MI,Midwest,Social Capital,27,25,24,27,29,30,27,30,35,35,30,50.1,50.9,50.1,50.4,49.6,48.5,46.3,46.6,44.4,45.3,46.1
Minnesota,MN,Midwest,Business Environment,6,9,10,9,9,10,10,11,11,9,9,64.7,61.3,61.6,62.7,65.6,65.1,65.3,61.6,61.9,63.3,65.4
Minnesota,MN,Midwest,Economic Quality,17,16,19,14,14,19,13,18,16,9,11,51.8,47.2,40.5,45.4,47.5,45.8,49.5,48.1,51.7,54.7,57.2
Minnesota,MN,Midwest,Education,3,5,5,5,5,5,5,5,5,6,6,60.6,61.3,62.2,62.1,62.4,63.5,63.9,62.4,63.3,62.6,62.6
Minnesota,MN,Midwest,Governance,5,4,5,7,5,5,7,5,6,5,13,69.9,70.2,69.8,69.4,70.3,71,70.5,72,72.6,74.2,64.9
Minnesota,MN,Midwest,Health,2,2,2,2,2,2,2,2,2,2,2,72.2,72.2,70.9,72.2,73.1,72.6,72.6,74.6,73.8,74.1,73.7
Minnesota,MN,Midwest,Living Conditions,5,6,5,3,3,3,3,2,3,2,2,75,74.8,73.8,73.8,73.9,73.8,73.9,74.2,76.6,76.4,80.4
Minnesota,MN,Midwest,Market Access & Infrastructure,26,25,27,24,30,25,29,25,25,25,23,51,50.9,50.7,51.1,49.3,51.1,49.9,51.1,52.2,52.6,54.3
Minnesota,MN,Midwest,Natural Environment,20,20,20,19,19,19,20,19,19,19,19,51.2,51.7,52.2,52.3,53.5,54.3,55.5,55.8,57.4,57.8,57.8
Minnesota,MN,Midwest,Personal Freedom,18,19,21,20,22,22,22,22,25,25,25,58.7,58.5,58.2,58.6,57.7,58.4,59.3,59.3,57.1,56.8,57.3
Minnesota,MN,Midwest,Safety & Security,18,14,10,11,12,10,8,8,11,9,12,64.6,66.3,68.8,68.6,69,69.1,69.9,70.7,68,68.3,68.2
Minnesota,MN,Midwest,Social Capital,2,2,2,2,2,3,3,3,3,3,2,66.9,66.1,66.4,66.6,65.7,65.6,63.2,63.4,61.7,61.3,64.9
Mississippi,MS,Southeast,Business Environment,45,45,45,45,45,49,46,49,47,48,48,34.9,33.2,37.1,34.4,36.8,34.7,36.8,33.2,34,32.2,34.2
Mississippi,MS,Southeast,Economic Quality,44,40,49,46,47,50,50,48,47,50,50,39.6,35.6,29.4,31.9,31,30.4,30.9,34.7,35.8,37.1,36.4
Mississippi,MS,Southeast,Education,50,50,50,50,51,51,51,49,49,48,48,22.8,23.8,23.7,26.8,26.3,24.9,27.1,29.7,29.7,32.5,32.5
Mississippi,MS,Southeast,Governance,46,47,49,46,48,47,49,48,43,42,51,33.6,33.6,28.7,33,29.1,33.5,29.1,34.1,35.7,37.6,28.1
Mississippi,MS,Southeast,Health,51,51,51,51,51,51,50,50,49,50,49,29.9,30.7,31.3,31.7,32,32.9,33,34.6,36.1,34.5,33.9
Mississippi,MS,Southeast,Living Conditions,51,51,51,51,51,51,51,51,51,51,50,32.5,32.1,33.3,32.8,32.6,32.1,33.1,34.4,34.6,37.6,41.5
Mississippi,MS,Southeast,Market Access & Infrastructure,37,39,38,37,37,38,44,42,46,46,39,46.6,44.6,47.4,47,46.8,45.8,43.1,43.7,42,42.1,45.6
Mississippi,MS,Southeast,Natural Environment,43,43,43,43,43,43,43,43,43,43,43,33.2,33.7,33.8,33.1,34.5,34.9,36,37.1,38.7,39.5,39.5
Mississippi,MS,Southeast,Personal Freedom,51,51,51,51,51,51,51,51,50,48,43,28.3,30.5,29.6,28.1,28.3,28.9,31.7,31.7,37.4,40.7,45.3
Mississippi,MS,Southeast,Safety & Security,28,29,29,29,31,27,29,34,32,37,38,58.3,58.3,59.2,59.6,59.3,60.6,60.7,59.4,58.1,56.8,56.6
Mississippi,MS,Southeast,Social Capital,38,37,39,41,39,37,37,37,31,36,37,44.5,44.9,42.6,41.6,43,45.2,43.4,42.2,45,44.7,40.5
Missouri,MO,Midwest,Business Environment,16,23,25,23,19,14,21,17,15,18,14,55.4,51.9,51,54.1,55,59,55.3,58.8,58.9,57,61
Missouri,MO,Midwest,Economic Quality,37,35,33,28,30,25,27,33,25,31,23,43.1,38.2,36.3,39.8,41,42.7,44,42.8,47.8,47.4,52.5
Missouri,MO,Midwest,Education,30,27,26,30,30,29,29,28,28,27,27,46.6,48.3,48.9,48.2,48.1,49.4,50,49.3,49.8,50.7,50.6
Missouri,MO,Midwest,Governance,23,29,24,23,27,26,29,29,30,35,34,53.4,49.8,52.9,53.3,51.7,52.4,48.3,47.4,47.6,45.6,49.3
Missouri,MO,Midwest,Health,41,42,41,41,41,41,40,41,42,42,41,46.1,45.9,45.2,46.3,46.9,46.7,49,50.2,49,48.9,48.4
Missouri,MO,Midwest,Living Conditions,39,39,40,38,35,38,36,35,32,30,32,53.4,54.2,52.1,51.9,51.5,51.1,51.1,53.3,57.5,59.1,61.3
Missouri,MO,Midwest,Market Access & Infrastructure,13,13,13,15,14,14,10,12,15,15,17,56.1,56.9,56.8,55.2,55.9,55.2,56.8,56.7,56.9,57.1,57
Missouri,MO,Midwest,Natural Environment,39,38,39,38,39,39,39,39,38,38,38,37.8,37.9,38.9,38.7,40.4,40.9,41.6,41.9,44.2,44.4,44.4
Missouri,MO,Midwest,Personal Freedom,49,48,48,48,47,48,49,49,48,51,50,35.9,35.6,35.5,36.4,36.6,37.5,37.2,38.5,38.4,38.1,39.9
Missouri,MO,Midwest,Safety & Security,40,41,40,43,41,43,42,44,46,45,45,52.9,53.1,54.8,55.3,55.9,55.4,56.4,55.5,52.4,52.8,52
Missouri,MO,Midwest,Social Capital,19,20,19,21,22,22,23,26,18,23,22,52.4,52.1,52,52,51.5,52.2,48.5,48.2,50.1,49,48
Montana,MT,West,Business Environment,47,46,49,49,46,48,45,45,40,45,44,34.5,33,30.3,32.4,36.6,34.8,38,36.9,43.1,39.9,38.9
Montana,MT,West,Economic Quality,16,13,14,13,18,16,11,14,18,40,37,52.4,49.9,43.8,45.8,44.8,46.7,50.7,51.1,50.9,44.8,48.8
Montana,MT,West,Education,21,21,21,19,23,28,25,27,22,31,31,50.4,51,51.1,52.4,51.3,50.5,51.1,49.4,52.1,48.8,48.8
Montana,MT,West,Governance,21,21,21,21,18,17,18,20,7,7,26,55.5,55.8,55.3,54.9,57.9,58.5,58.8,56.4,68.8,70.1,56
Montana,MT,West,Health,30,30,31,32,31,31,28,26,30,30,28,53.1,53.4,52.3,53.2,53.7,54.3,56.8,58.1,57,57.4,56.8
Montana,MT,West,Living Conditions,45,45,45,43,42,44,42,42,40,41,33,47.6,47,46.6,47.2,48.1,46.5,46.7,46.3,52.9,54.2,60.6
Montana,MT,West,Market Access & Infrastructure,50,49,50,49,49,47,48,47,47,47,48,37.4,38.1,38.3,38.4,39,40.3,39.4,39.8,38.6,38.1,37.7
Montana,MT,West,Natural Environment,26,26,26,28,28,28,28,28,28,29,29,46.6,46.7,47.3,45.3,46.5,48.3,48.9,48.4,50.3,50.2,50.2
Montana,MT,West,Personal Freedom,30,28,33,30,34,35,33,37,28,36,37,51.2,52.2,48.3,48.4,48.4,48.7,51,50.1,54.2,50.4,51.8
Montana,MT,West,Safety & Security,10,10,11,9,10,11,10,22,21,23,23,67,66.9,68.5,70.4,70.1,68.9,69.7,65.9,64.2,63.1,62.6
Montana,MT,West,Social Capital,6,6,8,10,11,10,10,11,11,11,11,60.3,60.1,58.9,58.1,57.1,58.6,56.8,54.9,55,54.5,53.4
Nebraska,NE,Midwest,Business Environment,32,34,31,27,30,29,31,28,31,25,29,47.2,45.2,47.7,51.2,50.4,52.4,50.5,51.6,49,53.1,50.7
Nebraska,NE,Midwest,Economic Quality,7,5,7,7,6,5,6,6,6,8,9,56.6,54.2,51.4,52.3,54,55.8,54.6,56.6,57.5,56.3,57.9
Nebraska,NE,Midwest,Education,12,12,11,13,14,14,15,11,11,9,9,54.4,54.5,56,55.4,54.5,56.2,54.9,56.6,57.6,59.2,59.2
Nebraska,NE,Midwest,Governance,4,7,3,3,7,7,4,4,5,4,8,72.9,68.8,72.8,73.2,69.2,69.1,73.6,72.7,73.1,75.8,67.8
Nebraska,NE,Midwest,Health,8,9,8,8,8,8,6,7,8,8,8,64.3,64.2,63.8,65.3,65.8,65.1,66.8,66.8,67.5,68.6,66.4
Nebraska,NE,Midwest,Living Conditions,30,29,31,28,29,25,29,27,27,29,22,58.5,59.6,57.8,57.7,57.2,58.8,57.6,58,60,59.5,65.3
Nebraska,NE,Midwest,Market Access & Infrastructure,24,22,24,23,24,20,23,24,24,24,25,52.8,53.1,51.9,52.5,52,53.9,53.3,52.9,53,52.7,52.8
Nebraska,NE,Midwest,Natural Environment,41,41,41,41,41,41,41,41,41,41,41,35.3,35.9,35.7,35.5,37.6,38.2,39.3,39.1,40.9,40.6,40.6
Nebraska,NE,Midwest,Personal Freedom,22,23,15,18,18,19,20,18,17,18,23,57,56.5,61.7,59.4,60.1,59.6,59.4,60.5,62.1,63.3,60.5
Nebraska,NE,Midwest,Safety & Security,22,20,18,19,20,19,20,24,18,18,20,63.3,63.7,66.4,65.9,65.2,66.1,66.3,65.3,65.4,65.2,64.9
Nebraska,NE,Midwest,Social Capital,7,7,10,6,9,9,8,9,6,8,7,59.9,59.7,58.6,59.8,59.5,59.6,58.1,57.7,59.8,59.2,57.6
Nevada,NV,West,Business Environment,43,42,43,39,38,38,35,36,37,40,42,38.9,40.3,40.7,41.6,42.7,45,47.8,47.1,44.9,43,42
Nevada,NV,West,Economic Quality,32,34,36,29,27,30,38,32,27,17,22,45,38.5,34.5,39.7,41.7,40.6,39.4,43.1,47,52,52.7
Nevada,NV,West,Education,51,51,51,51,50,50,50,51,51,51,51,21.6,22.7,22.8,25.3,26.3,27.1,28.7,27.6,27.4,29.5,29.5
Nevada,NV,West,Governance,40,39,30,38,38,33,31,25,23,24,36,38.6,39.5,48.1,39.1,39.3,44.2,46.7,53.7,55.3,57,48
Nevada,NV,West,Health,40,40,40,40,40,40,33,36,37,37,37,46.8,47.9,48.2,48.3,49,49,53.9,54.1,54.1,53.7,52
Nevada,NV,West,Living Conditions,35,35,33,37,40,40,40,39,41,40,34,56.2,56.3,55.6,52,49.2,49.6,49,50.1,52.7,54.3,60.6
Nevada,NV,West,Market Access & Infrastructure,33,34,35,35,39,43,36,45,38,37,35,48.5,48.2,47.7,47.5,44.7,44.3,46.8,42.8,45.5,46,47.5
Nevada,NV,West,Natural Environment,12,12,12,10,9,10,10,10,10,10,10,57.4,58.1,58.6,59.2,60.7,61,62.4,61.9,63.1,63,63
Nevada,NV,West,Personal Freedom,32,33,32,31,32,31,31,31,37,34,34,49.5,48.7,48.4,48.3,49.5,50.8,51.5,52.4,49.7,51,52.6
Nevada,NV,West,Safety & Security,44,43,41,41,36,38,45,47,47,50,51,50.9,52.5,54.4,55.8,57.9,57.5,55.6,54.6,51.8,45.1,37.8
Nevada,NV,West,Social Capital,51,51,51,51,51,51,51,51,51,51,51,18.3,17.6,18.7,19.9,19.3,21.3,16.9,18.4,19,19.5,22
New Hampshire,NH,Northeast,Business Environment,3,4,5,5,6,7,9,5,6,10,3,69.2,67.1,64.5,65.7,67.4,66.9,65.5,68,66.4,62.9,71.2
New Hampshire,NH,Northeast,Economic Quality,31,39,27,36,42,29,39,37,29,36,34,45.1,35.7,38.6,37.7,36.7,42,39.3,41.7,46.6,46.8,49.1
New Hampshire,NH,Northeast,Education,4,4,3,3,3,2,2,3,2,4,4,60.5,61.7,62.5,64,65,66.8,65.5,64.8,65.2,64.1,64.1
New Hampshire,NH,Northeast,Governance,31,32,31,33,32,32,34,30,27,30,31,46.2,46.4,46.1,44.7,45,46,44.1,46.5,50.9,51,52.1
New Hampshire,NH,Northeast,Health,9,8,9,9,9,9,9,8,15,12,13,64.1,64.4,63.4,64.4,64.5,64.9,65.8,66.6,65.5,65.4,64.3
New Hampshire,NH,Northeast,Living Conditions,2,2,2,2,2,2,2,1,1,1,1,77.3,77.4,75.7,75.8,74.5,74,74.3,74.3,78.8,79.5,80.4
New Hampshire,NH,Northeast,Market Access & Infrastructure,29,29,29,28,27,26,24,27,27,27,29,50.1,50.1,49.6,50.1,50.7,50.8,52,50.8,50.6,51.2,50.8
New Hampshire,NH,Northeast,Natural Environment,8,8,7,7,5,5,5,5,5,5,5,59.4,60.3,61.2,60.3,62.3,63.4,64.7,64.4,66.2,66.2,66.2
New Hampshire,NH,Northeast,Personal Freedom,11,9,12,10,9,9,13,11,11,13,17,64.7,65.5,64,64,64.8,65,64.4,65.1,65.1,65.1,63.1
New Hampshire,NH,Northeast,Safety & Security,1,1,2,2,5,4,5,3,3,2,2,76.5,75.8,76.5,76.3,72.3,73.4,72.7,76.5,75.3,76.6,77.7
New Hampshire,NH,Northeast,Social Capital,12,12,12,12,12,11,13,12,13,10,8,56.1,56.3,54.9,55.8,55.8,55.8,53.6,54.6,53.6,54.5,56.4
New Jersey,NJ,Northeast,Business Environment,15,10,12,11,11,16,15,15,14,14,18,57,60.2,60.1,60.3,61.1,58,58.5,59,60.7,58.9,57.8
New Jersey,NJ,Northeast,Economic Quality,23,20,15,18,32,41,35,34,34,33,33,47.8,44.4,42.2,44,40.4,37,39.7,42.7,45.4,47.4,49.2
New Jersey,NJ,Northeast,Education,5,6,6,4,4,4,4,4,4,2,2,60.1,60.8,61.6,63.3,64,63.6,64.7,63.5,63.7,65.4,65.4
New Jersey,NJ,Northeast,Governance,45,45,44,37,41,42,39,39,38,44,42,35.2,36.3,35.9,39.9,37.9,38.4,39.7,40.7,40.8,35.4,42.9
New Jersey,NJ,Northeast,Health,13,12,12,12,13,10,13,11,12,10,10,62.7,63.2,62.6,63.7,63.8,64.4,64.5,65,66.4,67.3,64.9
New Jersey,NJ,Northeast,Living Conditions,6,5,4,5,5,6,6,6,6,7,6,74.8,75,74,72.4,71.5,70.9,71.1,71.5,71.9,72.2,76.6
New Jersey,NJ,Northeast,Market Access & Infrastructure,1,1,1,1,1,1,1,1,1,1,1,62.7,60.7,60.6,61.7,63.4,64.9,64.8,65.4,65.9,66.2,65.4
New Jersey,NJ,Northeast,Natural Environment,15,14,14,14,14,13,13,13,13,13,13,54.8,55.6,56.7,55.7,57.5,58.3,59.9,60.1,61.2,61.2,61.2
New Jersey,NJ,Northeast,Personal Freedom,14,15,14,15,14,15,8,8,8,7,7,64,63.3,63,62.7,62.7,62.6,65.5,66,68.4,69,68.7
New Jersey,NJ,Northeast,Safety & Security,13,16,13,15,18,18,13,9,6,7,6,65.7,65.4,67.3,67.2,66.4,66.6,68.9,70.4,69.9,70.1,71.1
New Jersey,NJ,Northeast,Social Capital,32,32,32,33,31,33,36,31,29,30,31,48,48.3,46.6,47.4,49,47.6,43.8,46.6,45.4,46.1,45.9
New Mexico,NM,Southwest,Business Environment,35,40,34,34,36,37,34,32,39,33,39,44.9,40.8,44.1,46.1,43.6,46.3,47.8,49.3,43.3,46.4,43.4
New Mexico,NM,Southwest,Economic Quality,33,38,37,40,43,45,44,41,49,48,44,44.9,36.1,32.6,35,36.6,35,36.6,39.4,35.3,39.1,44.2
New Mexico,NM,Southwest,Education,49,49,49,48,49,48,49,50,50,50,50,25.1,25.5,26.4,29.6,28.4,30.1,29.6,29.2,29.4,30,30
New Mexico,NM,Southwest,Governance,36,31,40,31,29,29,30,28,36,34,15,43.3,48.2,38.5,47.3,47.4,47.2,47.7,48,44.5,48.3,63.6
New Mexico,NM,Southwest,Health,36,39,38,37,38,38,39,38,38,39,39,49.8,49.2,48.9,50.9,50.4,50.3,50.5,51.7,52.1,51.8,51.2
New Mexico,NM,Southwest,Living Conditions,50,49,49,49,49,49,48,47,50,50,51,39.9,42,41.7,41,38.8,41,41.1,43,42.3,41.1,38.3
New Mexico,NM,Southwest,Market Access & Infrastructure,49,50,49,48,48,49,49,48,49,49,46,37.9,37.6,38.8,39.4,39.2,39.3,37.9,38.4,37,36,40.5
New Mexico,NM,Southwest,Natural Environment,18,18,19,21,20,20,19,20,20,20,20,52.2,52.3,52.2,50.8,52.8,54.1,55.8,55.6,56.9,56.5,56.5
New Mexico,NM,Southwest,Personal Freedom,5,4,4,5,5,5,6,5,5,6,5,70.2,70.7,70.6,70.2,69.7,69,68.6,70.1,71.1,70.2,70.7
New Mexico,NM,Southwest,Safety & Security,49,50,50,49,49,50,50,50,50,49,49,46.4,47.5,47.4,51,51.1,51.9,51.3,52.6,49.2,47.6,46.6
New Mexico,NM,Southwest,Social Capital,39,39,36,38,34,32,35,43,43,42,49,44.3,42.8,44.8,43.8,46.6,47.8,44,37.8,39,40.5,32.2
New York,NY,Northeast,Business Environment,5,6,4,4,3,4,2,4,3,4,5,66.4,64.5,68.7,69.6,69.8,69.4,71.1,70.1,69.2,67.8,69.4
New York,NY,Northeast,Economic Quality,10,11,9,10,10,11,8,7,4,3,5,55,51.3,48.8,49.4,50.5,50.4,52,56.1,60.8,60,62.6
New York,NY,Northeast,Education,20,20,22,23,22,23,26,23,24,23,23,50.8,51.2,51,50.5,51.5,51.6,51.1,51.3,51.8,52.7,53.3
New York,NY,Northeast,Governance,25,24,33,30,35,37,35,32,28,31,40,52.8,53.5,44.1,48.4,42.5,42.5,44,45.6,50.4,50.9,45
New York,NY,Northeast,Health,12,11,10,13,11,12,10,13,9,7,6,63,63.3,62.8,63.5,64.2,63.6,65.3,64.7,67.3,68.6,68.6
New York,NY,Northeast,Living Conditions,18,19,17,17,17,19,20,20,22,20,19,65.5,65.9,64.7,64,62.5,62.4,61.9,62.2,63.6,63.8,67
New York,NY,Northeast,Market Access & Infrastructure,4,4,3,5,3,4,8,9,11,11,13,60.1,59.4,58.8,58.2,59.6,59.4,58.3,57.3,57.6,58.2,58.1
New York,NY,Northeast,Natural Environment,9,9,9,9,8,7,6,6,6,6,6,58.9,59.4,60.3,59.3,61.7,62.5,63.7,63.7,65,65.2,65.2
New York,NY,Northeast,Personal Freedom,13,11,10,8,12,11,12,13,12,14,13,64.7,64.8,64.4,64.4,64.1,64.5,64.5,64.4,64.8,64.9,65
New York,NY,Northeast,Safety & Security,15,15,14,18,16,17,11,13,12,11,10,65.4,66,67.2,66.4,67,67.3,69.2,68.1,67.9,68.1,69
New York,NY,Northeast,Social Capital,45,43,40,42,44,42,40,42,41,39,39,39.7,40.4,41.5,41.4,41,41.1,40.1,38.8,39.8,41.2,38.4
North Carolina,NC,Southeast,Business Environment,18,16,17,24,28,19,23,22,20,17,24,55.1,54.1,54.5,53.8,51.8,56.4,54.1,56.3,55.4,57.3,54.8
North Carolina,NC,Southeast,Economic Quality,22,27,26,24,28,32,31,30,21,15,21,48.1,41.4,38.8,41.4,41.4,39.8,41.3,43.6,50.3,52.9,52.7
North Carolina,NC,Southeast,Education,32,32,32,31,32,31,31,31,32,30,30,43,43.7,44,46.1,45.7,46.5,48.4,46.8,47.7,49.1,49.1
North Carolina,NC,Southeast,Governance,13,13,15,15,14,15,13,13,18,20,17,61.4,61.6,60.5,60.3,60.4,60.5,62.1,63.1,60,58.2,62.8
North Carolina,NC,Southeast,Health,34,33,33,33,33,33,35,35,35,32,32,51.3,51.7,51,52.1,53,53,52.5,54.1,54.7,55.7,54.6
North Carolina,NC,Southeast,Living Conditions,28,30,29,30,32,32,33,33,31,25,25,59.8,59.4,58.1,57.2,55,55.8,54.8,55.6,58.1,60.8,63.9
North Carolina,NC,Southeast,Market Access & Infrastructure,17,18,18,18,17,22,17,20,19,18,18,55.2,55.6,54.8,53.7,54.4,53.4,54.9,54.5,55.1,55.3,56.9
North Carolina,NC,Southeast,Natural Environment,35,35,35,35,34,34,34,34,34,34,34,39.3,39.8,40.6,41,43,44.4,45.2,45.9,47.1,47.7,47.7
North Carolina,NC,Southeast,Personal Freedom,33,34,34,32,36,37,38,38,38,39,40,47.8,47.7,48,48.1,47.6,48.5,48.2,49.2,49,49.3,49.4
North Carolina,NC,Southeast,Safety & Security,35,35,31,30,29,28,27,27,26,27,26,54.8,55,57.7,59.6,60,60.5,62.2,62.6,61.6,59.8,61.1
North Carolina,NC,Southeast,Social Capital,40,42,42,40,43,40,39,38,38,38,38,41.9,41.6,40.6,41.6,41.2,41.5,42.5,41.7,42.1,42.7,40.3
North Dakota,ND,Midwest,Business Environment,36,39,44,44,44,34,39,40,30,37,36,44.4,41.1,40.6,39.3,39.7,47.8,44.9,43.5,49.2,44.7,44.4
North Dakota,ND,Midwest,Economic Quality,4,3,2,2,1,1,1,1,1,5,1,59.4,58.9,58.2,61.8,64.8,69.3,70.1,69.6,68.5,58.1,66.5
North Dakota,ND,Midwest,Education,19,17,16,20,17,21,28,22,29,28,28,51.6,52,52.6,51.4,53.8,51.9,50.2,51.4,49.7,50.2,50.2
North Dakota,ND,Midwest,Governance,11,12,12,12,11,11,11,9,8,8,30,63,63.1,62.4,62.4,63.5,64.2,63.5,64.1,68.8,68.6,53.8
North Dakota,ND,Midwest,Health,10,15,13,11,12,13,18,17,21,19,20,63.6,62.8,62.6,63.9,63.9,63.1,62.1,63,63,63.2,61.8
North Dakota,ND,Midwest,Living Conditions,12,12,9,15,7,16,16,16,14,14,14,69.9,70,70.8,67.4,69.8,65.4,65.7,66.3,69.1,68.5,72.2
North Dakota,ND,Midwest,Market Access & Infrastructure,15,16,17,14,15,12,16,13,6,9,9,55.8,55.8,54.9,55.4,55.1,56,55.4,56.3,59.7,59.5,59.4
North Dakota,ND,Midwest,Natural Environment,31,33,34,34,35,35,35,35,35,35,35,42.9,42.4,41.5,41.5,42.4,42.7,43.9,44.2,45.8,45.9,45.9
North Dakota,ND,Midwest,Personal Freedom,27,27,27,29,31,33,27,29,34,30,38,52.8,52.8,52.7,48.4,50,49.4,53.8,52.5,50.6,53,50.2
North Dakota,ND,Midwest,Safety & Security,4,4,6,4,7,8,7,12,13,8,9,71.9,72.3,71.3,74.8,70.8,70.2,70.7,69.8,67.8,69.6,69.1
North Dakota,ND,Midwest,Social Capital,10,10,6,8,6,6,7,7,8,4,6,58.6,58.1,59.8,59.4,60,60.6,60.9,59,59.3,60.7,58.6
Ohio,OH,Midwest,Business Environment,28,28,26,28,25,27,25,26,21,28,23,50.4,49.1,51,50.6,52.9,53.3,53.9,54.7,54.5,51.7,55
Ohio,OH,Midwest,Economic Quality,39,41,40,43,39,34,29,26,28,35,40,42.1,35.5,31.7,33.3,37.7,38.7,42.4,45.2,46.7,46.9,46.4
Ohio,OH,Midwest,Education,18,18,19,17,19,16,18,19,19,21,22,51.8,51.6,51.8,52.9,52.9,53.8,53.5,52,52.5,53.5,53.5
Ohio,OH,Midwest,Governance,22,22,22,22,22,22,21,15,15,16,25,53.8,54.9,54.4,54.2,55.5,56.1,57.1,60.9,60.7,61.5,56.5
Ohio,OH,Midwest,Health,39,38,39,38,39,39,41,40,40,40,40,49.6,49.9,48.5,50.3,50.1,49.3,48.8,50.6,50.9,51.7,48.9
Ohio,OH,Midwest,Living Conditions,22,23,27,26,26,30,31,31,24,22,24,62.4,62.3,59.6,58,58.1,57,56.5,56.8,60.4,61.6,64.4
Ohio,OH,Midwest,Market Access & Infrastructure,18,15,14,20,20,23,21,21,22,20,21,55.1,55.8,55.6,52.7,53.8,52.9,53.7,54.4,54.4,55,54.8
Ohio,OH,Midwest,Natural Environment,44,44,45,45,44,44,44,44,44,44,44,31,31.5,32.2,30.9,33.5,34.5,35.7,35.8,37.4,37.7,37.7
Ohio,OH,Midwest,Personal Freedom,39,37,39,40,39,41,40,40,41,42,42,44.2,44.6,44.4,44.1,44.3,44.6,45.3,45.6,45.2,45.2,46.1
Ohio,OH,Midwest,Safety & Security,26,26,26,26,26,26,26,26,27,28,28,58.6,58.9,60.2,61.3,61.2,61.6,63.3,62.8,61.4,59.8,59.9
Ohio,OH,Midwest,Social Capital,31,30,29,32,33,34,32,29,30,31,34,48.8,49.2,47.9,48.2,48.3,47.5,44.8,46.6,45.3,46,44.3
Oklahoma,OK,Southwest,Business Environment,29,29,32,33,33,35,33,34,36,35,34,49.3,47.4,47.6,47.2,48,47.3,48.1,48.5,46.6,45.7,45.3
Oklahoma,OK,Southwest,Economic Quality,18,14,13,16,16,18,23,15,19,24,24,51.5,49.5,46.2,44.7,46.5,45.9,45.8,49.9,50.9,50.6,52.5
Oklahoma,OK,Southwest,Education,39,39,40,40,40,42,42,42,42,42,42,38.1,37.9,37.8,38.8,38,37.7,38.4,39.6,38.7,40.3,40.3
Oklahoma,OK,Southwest,Governance,42,42,42,42,44,44,44,51,49,46,46,36.4,37.1,36.3,36.3,34.8,35.3,35.5,28.3,31.5,32.9,39.1
Oklahoma,OK,Southwest,Health,45,45,45,45,46,45,46,44,44,46,46,39.2,39.1,39.7,40.3,40.7,41.5,40.5,43.2,43.3,41.8,41.8
Oklahoma,OK,Southwest,Living Conditions,47,47,48,48,47,48,49,49,47,48,47,44.5,44.5,43.1,41.9,42.6,41.6,41,40.9,45.4,44.7,48
Oklahoma,OK,Southwest,Market Access & Infrastructure,32,33,32,34,34,28,34,30,32,31,30,49.2,49.2,48.8,47.9,47.5,50.1,47.8,49.6,49.7,50.1,50.5
Oklahoma,OK,Southwest,Natural Environment,48,48,48,48,48,49,47,48,48,48,48,29.4,29.7,30.1,29.7,31.3,32.2,34,34.7,36.2,36.3,36.3
Oklahoma,OK,Southwest,Personal Freedom,46,45,45,46,44,45,44,42,46,43,45,38.9,37.3,38.6,36.8,39.8,38.9,43,44.7,41.5,44.8,45.2
Oklahoma,OK,Southwest,Safety & Security,42,45,45,45,45,46,47,40,42,41,37,50.9,51.4,51.3,53,53.3,52.5,54.3,57,55.4,55.9,56.8
Oklahoma,OK,Southwest,Social Capital,41,41,44,39,45,41,46,44,42,43,42,41.9,41.7,40.6,42.7,40.8,41.2,36.3,37.5,39.4,39.3,36.9
Oregon,OR,West,Business Environment,44,44,42,37,37,39,38,37,38,34,33,37.8,38.1,40.9,42.3,42.7,44.1,45.5,46.4,44.9,45.9,47.7
Oregon,OR,West,Economic Quality,29,30,39,37,31,36,34,35,33,20,20,45.5,39.4,31.9,37.3,40.7,38.3,40.1,42.2,45.5,51.3,53.9
Oregon,OR,West,Education,31,31,30,32,31,30,30,29,27,29,29,44.9,45.7,46.5,45.8,46.8,48.1,48.8,48.9,49.9,49.6,49.6
Oregon,OR,West,Governance,9,9,8,9,4,4,6,7,9,11,16,67.8,68.2,68.1,67.1,70.9,72.5,71.4,69.2,68.6,63.2,62.9
Oregon,OR,West,Health,22,22,21,21,22,22,23,21,22,22,23,58.2,58.9,58.2,59.2,59,59,58.4,61.4,61.4,61.2,60.3
Oregon,OR,West,Living Conditions,33,31,32,29,27,28,30,30,33,31,35,57.8,58.1,56.9,57.3,57.6,57.5,57.6,56.8,57,58.9,60.2
Oregon,OR,West,Market Access & Infrastructure,28,27,31,30,26,33,30,29,29,28,27,50.2,50.7,49.5,49.7,50.8,48.8,49.3,50.1,50.4,50.7,51.5
Oregon,OR,West,Natural Environment,16,16,16,16,15,16,16,16,15,15,15,54.3,54.5,54.8,54,55.6,56.6,57.3,57.3,58.9,59.1,59.1
Oregon,OR,West,Personal Freedom,21,18,22,22,24,23,23,24,13,16,18,57.5,58.5,58,56.6,56.5,58.1,58.5,58.5,64.5,64.3,62.3
Oregon,OR,West,Safety & Security,14,11,12,13,15,15,17,19,24,24,24,65.6,66.7,67.5,67.5,67.8,67.6,68.1,67.1,62.7,62.7,61.6
Oregon,OR,West,Social Capital,23,24,25,25,20,27,22,23,25,24,21,51.2,51.1,50.1,50.8,52.2,49.3,49.5,49.8,48,49,49.2
Pennsylvania,PA,Northeast,Business Environment,7,5,6,8,8,8,7,7,9,7,7,63.7,64.6,63.4,63.4,66.1,65.7,67.8,67.1,65.4,65.2,66
Pennsylvania,PA,Northeast,Economic Quality,43,47,45,34,37,40,47,47,51,49,47,39.8,32.4,30.1,38.6,38.1,37.1,33.2,34.9,34,37.1,39.7
Pennsylvania,PA,Northeast,Education,7,7,7,8,9,10,11,10,8,11,11,58,58.3,58.7,58.6,58.5,58.3,58.8,57.7,58.3,58.7,58.7
Pennsylvania,PA,Northeast,Governance,39,38,39,49,49,45,41,41,48,48,48,39.2,39.9,39.3,31,28.7,34.8,36.6,38.5,33.6,30.9,37
Pennsylvania,PA,Northeast,Health,25,23,25,24,25,23,29,27,27,28,30,56.6,57.1,55.7,57.1,57.3,57.5,56.7,58,58.5,58,55.7
Pennsylvania,PA,Northeast,Living Conditions,15,15,15,14,16,15,15,15,17,18,18,68.8,68.5,67.9,67.4,66.1,66.2,66.2,66.9,67.7,66.6,68.4
Pennsylvania,PA,Northeast,Market Access & Infrastructure,5,7,9,6,5,7,4,5,7,5,6,59.9,58.7,58,58.1,59.2,57.2,59,59.2,59.5,60.2,60.2
Pennsylvania,PA,Northeast,Natural Environment,33,32,31,32,32,32,32,32,32,32,32,41.9,42.5,43.8,42.8,44.7,45.8,46.9,47.1,48.6,49.1,49.1
Pennsylvania,PA,Northeast,Personal Freedom,28,30,28,27,28,28,30,28,29,26,24,52,51.6,52.4,51.8,52.1,52.2,52.4,52.7,52.7,56.1,59.5
Pennsylvania,PA,Northeast,Safety & Security,25,25,24,25,25,25,22,23,19,19,18,60.1,60.3,61.8,62.6,62.5,62.4,65,65.6,65.1,65,65.3
Pennsylvania,PA,Northeast,Social Capital,20,19,23,22,24,18,21,21,19,19,25,52.1,52.2,50.7,51.9,51.3,52.9,49.9,49.9,49.8,50.5,47.3
Rhode Island,RI,Northeast,Business Environment,33,31,29,31,27,30,36,33,29,30,31,46.5,46.4,49.3,48.7,52.2,51.3,47.3,48.6,50,50.3,48.5
Rhode Island,RI,Northeast,Economic Quality,49,50,38,39,41,37,33,36,37,42,46,35.4,28.4,32,35.6,36.8,38.2,40.4,41.9,43.7,43.9,42.3
Rhode Island,RI,Northeast,Education,24,22,20,18,15,22,16,16,15,16,18,48.7,50.5,51.4,52.9,54.1,51.7,54.6,54.1,55.8,55,55
Rhode Island,RI,Northeast,Governance,19,20,20,19,21,21,22,19,22,18,19,56.5,56.2,56.5,57.3,56.3,57.5,56.4,58.4,57.1,60.1,60.9
Rhode Island,RI,Northeast,Health,18,18,18,18,20,18,20,18,16,14,12,60.4,60.4,59.2,60.4,60.4,61.7,62,63,65.3,64.8,64.4
Rhode Island,RI,Northeast,Living Conditions,7,7,7,11,11,10,7,11,13,9,8,73.3,73.6,72.2,69.2,68.7,68.2,69.4,68.3,70,70.9,74.4
Rhode Island,RI,Northeast,Market Access & Infrastructure,21,19,20,17,22,24,22,22,21,21,22,54.2,53.9,53.7,54.1,52.9,52.7,53.6,54.4,54.6,54.7,54.7
Rhode Island,RI,Northeast,Natural Environment,1,3,3,3,3,3,2,3,3,4,4,62.7,62.9,63.6,62.8,63.4,65.1,66.6,66.1,67.5,67.7,67.7
Rhode Island,RI,Northeast,Personal Freedom,4,5,5,4,4,6,4,4,6,5,8,72.2,70.3,69.2,70.2,71.1,68.8,70.1,72,70.1,70.5,66.6
Rhode Island,RI,Northeast,Safety & Security,11,22,21,23,21,24,24,15,14,10,7,66.1,63.1,63.6,63.8,64.6,63.1,64.4,67.9,66.9,68.3,70.7
Rhode Island,RI,Northeast,Social Capital,36,36,35,36,35,36,30,36,37,37,29,45.9,45.4,45.2,44.7,46.1,46,45.8,42.5,42.7,43.9,46.3
South Carolina,SC,Southeast,Business Environment,40,41,40,43,42,41,41,39,41,38,35,40.4,40.8,41.9,40.4,41,41.4,43,43.7,42.4,43.8,44.5
South Carolina,SC,Southeast,Economic Quality,42,46,43,44,46,44,46,43,43,39,41,39.9,32.6,30.9,33.2,34.4,35,35.3,38.7,41.9,45.1,45.7
South Carolina,SC,Southeast,Education,37,37,37,38,39,39,38,37,37,40,40,38.8,38.8,39.1,39.1,39.1,39.9,41.5,41.3,40.9,41.8,41.8
South Carolina,SC,Southeast,Governance,50,50,50,51,50,51,51,50,47,45,39,27.1,27.2,26.1,26.9,27.1,27.3,25.6,30.2,33.7,33.4,45.2
South Carolina,SC,Southeast,Health,43,43,43,43,43,42,43,43,43,43,42,44.2,44.9,44,44.9,45.5,46.1,45.9,46.5,48,48.2,47.4
South Carolina,SC,Southeast,Living Conditions,40,40,39,40,37,39,37,38,37,35,39,52.2,52.2,52.2,50.9,51.1,50.3,50.8,52,55.2,56.4,58.5
South Carolina,SC,Southeast,Market Access & Infrastructure,10,10,11,12,10,19,12,15,23,23,20,58.3,58.5,57.2,56.7,57,54.3,56.1,55.9,53.6,52.9,55.1
South Carolina,SC,Southeast,Natural Environment,36,36,36,37,36,36,36,36,37,37,37,38.5,38.7,39.5,38.7,41.2,42.4,43.7,44.1,45,45.4,45.4
South Carolina,SC,Southeast,Personal Freedom,42,41,38,36,37,34,37,36,36,32,31,42.8,42.4,44.6,45.9,46.9,48.9,49.7,50.2,50.2,52.3,52.8
South Carolina,SC,Southeast,Safety & Security,48,46,47,46,48,49,48,48,48,46,44,48,49.5,50.9,52.7,51.6,52,53.8,54.2,51.4,52.4,52.1
South Carolina,SC,Southeast,Social Capital,28,31,27,28,32,31,31,27,34,27,28,49.6,49.2,48.8,49.3,48.8,48,45.6,46.8,44.4,47.2,46.5
South Dakota,SD,Midwest,Business Environment,34,32,41,40,35,36,37,38,35,39,37,44.9,46.3,40.9,41.3,45.2,46.7,45.5,45.6,47.3,43.5,44.1
South Dakota,SD,Midwest,Economic Quality,12,15,10,12,9,12,10,10,10,14,15,54,49.1,47.5,48.1,50.6,49.3,51.4,54.6,53.8,53.6,55.1
South Dakota,SD,Midwest,Education,29,30,29,25,29,32,32,32,31,33,33,46.9,46.8,47.3,49.6,48.2,46.1,48.1,45,47.8,47.9,47.9
South Dakota,SD,Midwest,Governance,32,33,32,32,30,30,33,34,40,39,45,45.1,45.5,45.2,45.3,46.3,46.7,44.7,44.8,40.2,40.5,39.5
South Dakota,SD,Midwest,Health,16,13,17,16,16,15,12,15,13,18,18,61.5,63.1,60.7,62,62.3,62.7,64.6,63.8,66.2,63.7,62.5
South Dakota,SD,Midwest,Living Conditions,27,24,23,27,25,26,22,24,26,28,30,60,62.1,60.9,58,58.3,58.8,59.1,58.8,60.3,59.7,62.5
South Dakota,SD,Midwest,Market Access & Infrastructure,43,43,41,42,43,44,41,41,42,42,42,41.6,41.9,42.9,42.9,42.1,42.2,43.7,44.2,43.6,43.9,44
South Dakota,SD,Midwest,Natural Environment,27,27,30,29,30,30,30,31,29,27,27,45.7,45.8,45.4,45.1,46,46.4,47.8,47.9,50,50.5,50.5
South Dakota,SD,Midwest,Personal Freedom,35,43,42,38,43,43,42,44,44,47,49,47.1,42.2,43,44.3,42.7,40.2,44.3,43.2,41.9,41,39.9
South Dakota,SD,Midwest,Safety & Security,5,9,8,8,8,14,15,16,22,22,21,70,67.6,70.5,70.6,70.5,67.7,68.8,67.7,63.8,63.7,64.2
South Dakota,SD,Midwest,Social Capital,3,3,3,3,3,2,2,2,2,2,5,66.3,65.9,64.6,65.8,65.5,66.6,63.5,66.8,64.1,64.6,60.1
Tennessee,TN,Southeast,Business Environment,30,33,30,30,24,25,27,29,24,29,30,48.1,45.8,47.7,48.9,53.3,53.9,52.4,51,54,51.4,48.6
Tennessee,TN,Southeast,Economic Quality,40,33,34,30,34,38,45,44,36,29,26,41.1,38.9,36.2,39.2,39.9,38.1,36.5,37.9,44.3,47.8,51
Tennessee,TN,Southeast,Education,41,41,41,41,41,37,39,38,39,37,37,36.6,37,37.2,37.4,37.6,41.2,41.2,40.9,40.7,43,43
Tennessee,TN,Southeast,Governance,17,15,17,17,16,14,16,14,19,22,21,58.8,60.1,59.1,59.4,59.6,60.6,59.8,61.3,59,57.2,60.2
Tennessee,TN,Southeast,Health,44,44,44,44,44,44,44,46,45,44,44,43.8,44.7,43.4,44.6,45,44.8,41.9,41.7,43.1,43.2,43
Tennessee,TN,Southeast,Living Conditions,38,38,38,36,38,35,38,37,39,37,40,54.1,55.1,53.3,52.1,51,51.5,50.4,52,54.5,55.2,58.4
Tennessee,TN,Southeast,Market Access & Infrastructure,12,12,15,13,13,17,19,18,18,17,16,56.4,57,55.1,56.6,56.1,54.8,54.4,54.6,55.5,56.2,57.2
Tennessee,TN,Southeast,Natural Environment,37,39,38,39,38,37,37,37,36,36,36,38,37.7,39,38.5,40.8,42,42.9,43.5,45.2,45.7,45.7
Tennessee,TN,Southeast,Personal Freedom,50,50,50,45,46,46,48,46,49,50,51,32.2,32.4,32.7,37.4,36.8,38.4,38.2,39.5,37.9,38.6,38.3
Tennessee,TN,Southeast,Safety & Security,47,47,48,47,47,47,46,46,44,44,46,49.5,49.5,50.3,51.8,52,52.3,55.2,54.9,53.2,52.9,51.9
Tennessee,TN,Southeast,Social Capital,43,40,43,46,40,46,41,41,39,41,43,41,42.1,40.6,39.5,42.2,40.2,40.1,40.6,41.8,40.8,36.6
Texas,TX,Southwest,Business Environment,22,26,23,15,23,18,18,21,23,21,21,54,49.7,51.9,56.4,53.3,57.2,56.9,56.3,54.3,55.5,56.5
Texas,TX,Southwest,Economic Quality,5,9,6,4,4,4,4,2,3,1,3,58.9,52.3,52.3,55.5,56.2,58.4,61.7,63.2,62,63.7,66
Texas,TX,Southwest,Education,38,40,39,39,38,40,40,41,40,41,41,38.1,37.7,38,38.8,39.3,39.7,40,39.9,40.2,41.4,41.4
Texas,TX,Southwest,Governance,29,23,23,25,25,18,23,27,32,25,37,49,53.9,53.9,52.9,53.5,58.4,56.2,49.4,47.2,55.8,46.5
Texas,TX,Southwest,Health,35,35,35,34,34,36,34,34,31,33,33,50.9,51.2,50.2,51.5,52.1,51.8,53.7,54.3,56.2,55.4,54
Texas,TX,Southwest,Living Conditions,44,44,44,46,46,45,46,43,42,43,41,48.3,49,46.7,45.6,45.6,46,45.9,46.3,52.4,54.1,57.5
Texas,TX,Southwest,Market Access & Infrastructure,30,30,30,31,32,27,31,32,31,30,28,49.6,50.1,49.6,49.1,48.9,50.6,48.8,49.3,50.3,50.3,51.5
Texas,TX,Southwest,Natural Environment,32,31,32,31,33,33,33,33,33,33,33,42.7,43.3,43.7,43.2,44.6,45.6,46.3,46.9,48.1,48.4,48.4
Texas,TX,Southwest,Personal Freedom,43,42,43,42,41,42,41,41,42,41,46,42.2,42.3,42.4,42.9,43.6,43.8,44.4,45.3,43.3,45.3,44.8
Texas,TX,Southwest,Safety & Security,39,38,42,39,37,37,36,38,36,39,39,53.6,54.3,54.3,56.1,57.7,57.9,57.9,58.1,57.2,56.1,56.6
Texas,TX,Southwest,Social Capital,46,46,46,45,47,43,48,46,45,46,41,39.2,39.2,39.2,39.6,39.8,40.9,35.8,36.4,37.2,37.2,37.3
Utah,UT,West,Business Environment,8,8,8,10,10,11,11,8,10,11,10,63.3,62.4,62.4,62.7,62.1,64.2,63.9,65.4,64.8,62.8,65
Utah,UT,West,Economic Quality,3,6,12,11,11,8,9,8,9,11,10,59.9,53.9,46.3,49.3,50.2,51.1,51.8,54.7,54.2,54.4,57.3
Utah,UT,West,Education,26,25,27,27,26,19,22,18,18,19,17,48.2,49.2,48.4,49.1,49.5,52.5,51.9,52.5,53.2,54.6,55.3
Utah,UT,West,Governance,28,28,28,27,23,23,24,23,21,19,24,50.5,52.4,52.4,51.8,54.6,55.2,55.6,55.8,57.3,58.4,56.8
Utah,UT,West,Health,17,17,15,17,17,16,17,20,17,17,17,61,61.8,61.3,61.4,62.2,62.7,62.8,62.8,64.7,64.3,62.5
Utah,UT,West,Living Conditions,10,11,12,9,13,14,11,10,15,17,16,71.8,71.5,69.5,69.3,67.4,66.9,67.6,68.5,68.6,67.9,70.8
Utah,UT,West,Market Access & Infrastructure,44,46,45,45,45,40,38,37,40,40,40,41.5,41.3,41.8,41.2,42.1,45.2,45.3,45.4,45.3,45.3,45.3
Utah,UT,West,Natural Environment,23,24,24,24,23,23,23,23,23,23,23,48.3,48.5,49.1,48.8,50.1,51.2,52,52.5,53.6,54.3,54.3
Utah,UT,West,Personal Freedom,17,17,17,16,15,16,15,15,16,8,6,60.9,59.7,61.1,61.2,62,62.4,61.7,62.4,63.2,66.8,69.7
Utah,UT,West,Safety & Security,20,13,15,17,14,16,19,18,15,16,16,63.9,66.3,67.2,66.4,67.9,67.5,66.5,67.3,66.5,66.1,66.7
Utah,UT,West,Social Capital,1,1,1,1,1,1,1,1,1,1,1,72.3,72.1,70.8,70.7,73.8,71.5,69.8,71.9,71.2,70.1,72.3
Vermont,VT,Northeast,Business Environment,12,11,11,7,12,9,8,9,5,8,11,59.7,58.4,61.2,63.4,59.9,65.1,66.5,64.9,66.4,63.7,64.9
Vermont,VT,Northeast,Economic Quality,30,26,25,25,24,24,32,28,35,28,35,45.5,42.9,38.9,41,41.9,43.3,40.8,44.3,45.3,48.3,48.9
Vermont,VT,Northeast,Education,2,2,2,2,2,3,3,2,3,3,3,63.5,63.8,64.4,65.8,66.1,64.1,65.1,65.8,65,65,65
Vermont,VT,Northeast,Governance,16,16,16,16,20,20,20,24,25,27,28,60.1,59.9,59.4,59.6,57.5,58.1,58,55.4,53.4,53.6,54.5
Vermont,VT,Northeast,Health,14,14,14,15,15,17,8,12,14,15,16,62.6,62.8,61.9,62.3,63.1,62.7,65.9,64.8,66.2,64.7,63
Vermont,VT,Northeast,Living Conditions,23,22,22,23,20,21,23,23,8,11,11,62,62.6,61,59.3,60.7,60.2,59.1,59.8,70.7,70.6,72.4
Vermont,VT,Northeast,Market Access & Infrastructure,34,36,34,36,33,34,40,39,36,36,37,46.9,46.6,48.1,47.5,48.1,48.7,44.2,44.7,46.4,46.4,46.9
Vermont,VT,Northeast,Natural Environment,4,4,4,4,4,4,4,4,4,1,1,61.3,61.9,62.4,61.5,63.1,63.6,65.3,65.5,67.3,68.3,68.3
Vermont,VT,Northeast,Personal Freedom,10,13,8,13,8,13,18,19,19,12,9,65.1,63.5,65,63.4,65,63.6,60.4,60.4,61.5,65.2,66.4
Vermont,VT,Northeast,Safety & Security,3,3,1,1,1,1,1,1,1,3,3,75.8,74.1,77,78.1,75,76.2,79.2,81.4,79.4,75.8,76.4
Vermont,VT,Northeast,Social Capital,8,8,9,9,8,7,4,5,5,6,3,59.7,59.5,58.8,58.6,59.9,60.3,62.6,60.1,59.9,59.5,61.4
Virginia,VA,Southeast,Business Environment,13,13,13,14,18,15,16,16,17,16,12,58.8,55.7,56.9,57,56.1,58.7,58.1,58.8,57,57.4,61.5
Virginia,VA,Southeast,Economic Quality,25,23,22,17,20,26,24,29,31,26,30,47.3,43.8,39.6,44,43.4,42.7,45.3,44.1,46,48.4,49.4
Virginia,VA,Southeast,Education,9,10,10,9,8,9,8,7,7,7,7,57.2,56.8,56.6,58.2,58.7,58.6,59.6,58.8,59.4,61.3,61.9
Virginia,VA,Southeast,Governance,27,26,27,26,24,24,27,38,29,32,27,52,52.9,52.5,52.8,53.9,54.3,49.7,40.7,48,50.6,55.6
Virginia,VA,Southeast,Health,24,24,23,23,23,25,25,22,24,23,22,56.7,57.1,56.6,57.4,57.9,57,57.9,60.8,60.6,60.6,60.4
Virginia,VA,Southeast,Living Conditions,11,13,11,10,10,8,8,9,7,8,7,70.2,69.7,69.6,69.2,69.2,69,68.7,68.6,71.1,71.2,74.7
Virginia,VA,Southeast,Market Access & Infrastructure,22,21,22,25,23,18,18,17,16,16,15,53.6,53.4,53,50.9,52.3,54.5,54.5,55.2,56.1,57,57.7
Virginia,VA,Southeast,Natural Environment,28,28,27,26,26,26,26,26,26,26,26,44.6,45.4,46.6,46.2,48.4,49.3,50.1,50.5,52,52.1,52.1
Virginia,VA,Southeast,Personal Freedom,34,31,29,28,29,29,29,30,31,33,30,47.3,51.2,52,51.3,50.7,51.6,52.5,52.4,52,52,53.1
Virginia,VA,Southeast,Safety & Security,19,17,17,14,13,9,12,11,10,14,14,64.2,65,66.7,67.3,68.7,69.2,69.2,70,68.8,67,67
Virginia,VA,Southeast,Social Capital,21,22,26,26,23,21,15,22,21,16,23,51.5,51.3,49.8,50.6,51.5,52.3,51.7,49.8,49.8,51.3,47.6
Washington,WA,West,Business Environment,10,14,15,16,13,13,14,12,13,13,15,62.6,55.6,56.5,56.3,58.6,59,59.1,61.1,61.1,60.5,60.5
Washington,WA,West,Economic Quality,19,18,30,26,29,20,18,9,7,4,4,49.9,45.6,36.8,40.5,41,45.7,48.2,54.6,55.5,59.7,63.1
Washington,WA,West,Education,15,15,14,14,13,12,12,14,13,13,13,53.3,53.4,54.1,54.4,54.6,56.9,56.6,55.9,55.8,57,57
Washington,WA,West,Governance,1,1,1,1,1,1,1,1,2,3,2,77.2,77.4,77.2,77.4,76.4,77.2,77.5,80.8,79.1,79.8,75.4
Washington,WA,West,Health,15,16,16,14,14,14,14,10,10,11,9,62.6,62.7,61.1,62.6,63.2,63,63.7,65.6,67,67.1,65.1
Washington,WA,West,Living Conditions,9,8,13,12,12,11,10,8,11,10,10,71.8,72.2,69.3,68.4,67.9,67.9,67.9,68.7,70.2,70.6,72.5
Washington,WA,West,Market Access & Infrastructure,23,23,19,22,19,21,25,23,20,22,24,53.1,53,54.3,52.6,53.9,53.5,51.2,54.4,54.8,54.7,54.3
Washington,WA,West,Natural Environment,7,7,8,6,6,6,7,8,8,7,7,60.3,60.8,60.8,60.9,62.2,62.6,63.1,62.9,64.3,64.6,64.6
Washington,WA,West,Personal Freedom,7,7,7,7,7,7,7,7,7,9,10,66,67.2,67,67.3,66.9,67.1,68.2,68.2,68.9,66.8,66.1
Washington,WA,West,Safety & Security,29,30,30,28,28,31,28,29,28,25,27,57.4,57.9,58.6,59.9,60.8,59.7,61.9,61,60.6,60.6,60.9
Washington,WA,West,Social Capital,24,23,21,20,25,24,25,20,24,25,16,50.9,51.1,51.2,52,51.2,50.9,48,50,48.5,48,51.5
West Virginia,WV,Southeast,Business Environment,49,48,46,48,47,47,49,48,48,50,49,30.6,31,32.6,32.7,33.5,35.7,33.1,33.2,33.5,31,31.8
West Virginia,WV,Southeast,Economic Quality,45,32,21,32,33,43,40,46,46,46,45,39.1,38.9,39.9,38.9,40.1,36.6,39,37.3,40.5,41.1,43.8
West Virginia,WV,Southeast,Education,46,47,45,47,47,46,45,44,47,46,45,30.5,29.8,30.5,31.3,32.3,33,34.9,34.3,34.1,35.7,35.7
West Virginia,WV,Southeast,Governance,38,37,38,36,36,36,37,36,34,29,29,40.2,41.2,40.5,41,41.4,42.5,42.5,42.9,45.8,51.8,54.3
West Virginia,WV,Southeast,Health,49,49,49,49,50,50,51,51,51,51,51,34,34.2,32.5,34.5,33.5,33.7,30.9,32.4,33.1,33.4,31.2
West Virginia,WV,Southeast,Living Conditions,46,46,46,45,43,43,43,45,44,45,46,47.2,46.8,45.7,45.7,46.8,47.1,46.2,45.7,50.2,47.7,49
West Virginia,WV,Southeast,Market Access & Infrastructure,38,38,37,39,36,37,35,35,37,38,47,45.3,45.3,47.4,44.1,47.2,46,47.4,47,45.8,45.9,40.3
West Virginia,WV,Southeast,Natural Environment,51,51,51,51,51,51,51,51,51,50,50,27.1,27.2,28.4,27.4,29.8,31.1,32.6,32.3,34.9,35.9,35.9
West Virginia,WV,Southeast,Personal Freedom,44,47,46,47,49,47,47,48,43,44,44,40.1,36.4,36.6,36.6,35.5,37.8,38.5,38.5,43,44.4,45.3
West Virginia,WV,Southeast,Safety & Security,21,21,25,20,23,23,23,21,23,20,19,63.4,63.5,61.4,65.1,64,63.3,64.7,66,63.2,64.7,65.2
West Virginia,WV,Southeast,Social Capital,35,34,38,35,37,38,38,35,33,26,33,46.1,46.7,43.9,45.2,44,44.2,42.8,44.5,44.4,47.3,44.4
Wisconsin,WI,Midwest,Business Environment,25,25,16,18,15,28,13,23,18,19,16,52.5,51.4,54.7,55.3,58,53.3,59.2,56.1,56.4,56.4,59.4
Wisconsin,WI,Midwest,Economic Quality,35,31,32,35,26,22,22,31,26,34,28,43.3,38.9,36.4,38.2,41.8,44,45.8,43.2,47.1,47.4,49.9
Wisconsin,WI,Midwest,Education,11,11,12,12,11,13,13,12,12,14,14,55.3,55.3,55.5,55.8,57.1,56.7,56.5,56.5,56,56,56
Wisconsin,WI,Midwest,Governance,7,6,7,5,9,8,8,6,11,13,6,69.3,70,69,69.9,67.8,68.6,69,70.4,65.5,63,69.3
Wisconsin,WI,Midwest,Health,11,10,11,10,10,11,16,14,11,13,15,63.2,63.9,62.7,64.3,64.3,64.2,63,63.9,66.6,65.3,63.1
Wisconsin,WI,Midwest,Living Conditions,8,9,10,8,8,7,9,7,9,12,13,72.4,72.1,70.4,70.5,69.7,69.3,68.3,68.9,70.7,70.1,72.3
Wisconsin,WI,Midwest,Market Access & Infrastructure,27,26,25,26,28,30,27,28,28,29,31,50.7,50.7,51.5,50.5,50.5,49.8,50.5,50.7,50.4,50.4,50.2
Wisconsin,WI,Midwest,Natural Environment,25,25,25,25,25,25,25,24,24,24,24,46.7,47.2,47.7,47.4,49.3,50,50.7,51.2,52.5,52.8,52.8
Wisconsin,WI,Midwest,Personal Freedom,26,24,24,23,25,25,25,23,24,24,26,55.1,55.5,56,56,56,55.7,56.1,59.1,59.1,58.2,57.2
Wisconsin,WI,Midwest,Safety & Security,9,7,9,10,9,13,16,14,17,17,13,67.1,68.9,70,70.2,70.5,67.8,68.6,68,65.5,65.8,67.6
Wisconsin,WI,Midwest,Social Capital,9,9,7,7,7,8,9,8,9,9,4,58.6,59.2,58.9,59.4,60,60,57.6,58.3,58.3,58.1,60.2
Wyoming,WY,West,Business Environment,46,50,50,46,49,44,47,47,49,43,47,34.8,29.7,29.5,33.8,31.4,39.9,35.2,36.3,33,40.2,35.7
Wyoming,WY,West,Economic Quality,1,1,1,1,2,2,2,3,2,2,2,70,67.6,59.2,63.4,63.2,60.8,66.2,61.9,64.5,62.7,66.4
Wyoming,WY,West,Education,28,29,31,26,25,26,21,30,21,25,20,47.4,47.3,45.9,49.4,50.2,50.6,52.1,48.5,52.3,52.4,54.5
Wyoming,WY,West,Governance,33,35,34,34,34,34,32,33,37,37,47,44.6,43.8,43.9,43,43.8,44,45.6,45.6,44.4,42.6,37.6
Wyoming,WY,West,Health,32,31,32,31,32,32,32,32,34,35,29,52,53.2,52.3,53.7,53.7,53.8,54.1,56.3,55.2,54.7,55.8
Wyoming,WY,West,Living Conditions,31,28,28,32,31,31,28,21,30,33,27,58.1,59.8,59.1,55.3,55.2,56.2,57.8,60.6,58.2,58.3,63.5
Wyoming,WY,West,Market Access & Infrastructure,46,42,44,43,41,41,43,40,41,41,41,40.8,42.6,41.8,41.9,43.7,44.4,43.4,44.6,43.9,44.3,44.6
Wyoming,WY,West,Natural Environment,21,21,21,20,21,21,21,21,21,21,21,50.3,51,51.1,51.1,51.6,53.3,54.5,54.8,56.4,56.4,56.4
Wyoming,WY,West,Personal Freedom,29,29,31,34,27,26,28,27,27,31,27,51.3,51.9,48.9,47.2,52.5,53.3,53.4,55.1,54.7,53,55.9
Wyoming,WY,West,Safety & Security,8,6,5,5,4,3,4,4,4,4,5,68.1,70.5,72.1,74.6,72.9,73.7,73.7,75.7,74.3,72.3,72.8
Wyoming,WY,West,Social Capital,16,18,18,17,18,20,20,25,22,22,19,53.3,52.9,52.4,52.8,52.9,52.4,50.1,48.6,49.4,49.4,49.4
